Student_ID,SLEI_Score,SLEI_Category,Predicted_SLEI_Category
S08001,53.86087398778112,At Risk,At Risk
S08002,66.93222536937763,Steady,Steady
S08003,46.61269662686022,At Risk,At Risk
S08004,31.806073686985275,High Risk,High Risk
S08005,37.81585734314372,High Risk,At Risk
S08006,50.517167466649404,At Risk,At Risk
S08007,58.6217004806724,At Risk,Steady
S08008,36.41880708652994,High Risk,High Risk
S08009,61.794200528368236,Steady,Steady
S08010,34.15964620556387,High Risk,High Risk
S08011,46.1582558044278,At Risk,At Risk
S08012,42.101988051061156,At Risk,At Risk
S08013,36.52471882505461,High Risk,High Risk
S08014,43.24542888211521,At Risk,At Risk
S08015,61.96259194875454,Steady,Steady
S08016,58.339146021398015,At Risk,At Risk
S08017,48.79184790694689,At Risk,At Risk
S08018,60.89429594974254,Steady,At Risk
S08019,63.55063514073795,Steady,Steady
S08020,48.97005892579208,At Risk,At Risk
S08021,59.16391868506622,At Risk,At Risk
S08022,42.477749834843294,At Risk,At Risk
S08023,35.25912276531489,High Risk,High Risk
S08024,50.418675670571744,At Risk,At Risk
S08025,38.89709538952243,High Risk,High Risk
S08026,49.62515891730269,At Risk,At Risk
S08027,43.13159389616905,At Risk,At Risk
S08028,12.160986424851462,High Risk,High Risk
S08029,53.25832648855996,At Risk,At Risk
S08030,36.70796212477062,High Risk,High Risk
S08031,30.859794878131975,High Risk,High Risk
S08032,40.32179599841227,At Risk,High Risk
S08033,46.89484081492411,At Risk,At Risk
S08034,23.238098949194146,High Risk,High Risk
S08035,46.94997482757512,At Risk,At Risk
S08036,52.97921827669874,At Risk,At Risk
S08037,66.0544722068473,Steady,Steady
S08038,60.02896425556673,Steady,Steady
S08039,51.70665370611507,At Risk,At Risk
S08040,50.36915572018073,At Risk,At Risk
S08041,36.15573743425755,High Risk,High Risk
S08042,45.62208710131611,At Risk,At Risk
S08043,58.379538462521054,At Risk,At Risk
S08044,42.10353830624483,At Risk,At Risk
S08045,73.91229351848068,Steady,Steady
S08046,19.13802105814891,High Risk,High Risk
S08047,36.707302789615625,High Risk,High Risk
S08048,54.45129593265303,At Risk,At Risk
S08049,55.04229330288838,At Risk,At Risk
S08050,54.15809097832779,At Risk,At Risk
S08051,51.739291693306875,At Risk,At Risk
S08052,37.73199153119028,High Risk,High Risk
S08053,57.82135858594667,At Risk,At Risk
S08054,30.918583554330816,High Risk,High Risk
S08055,40.785939652959556,At Risk,At Risk
S08056,44.90155095332134,At Risk,At Risk
S08057,43.623586067472644,At Risk,At Risk
S08058,52.33084782996721,At Risk,At Risk
S08059,63.44762533803421,Steady,At Risk
S08060,35.42962817936226,High Risk,High Risk
S08061,46.12742338987336,At Risk,At Risk
S08062,49.36189781538373,At Risk,At Risk
S08063,20.82580141719076,High Risk,High Risk
S08064,38.935602038812135,High Risk,At Risk
S08065,44.503132141847104,At Risk,At Risk
S08066,35.14791081893076,High Risk,High Risk
S08067,53.18202844791049,At Risk,At Risk
S08068,72.72557712226855,Steady,Steady
S08069,46.42678779447454,At Risk,At Risk
S08070,17.696334995608346,High Risk,High Risk
S08071,54.992520700473825,At Risk,At Risk
S08072,57.31598585275789,At Risk,At Risk
S08073,52.73133286239283,At Risk,At Risk
S08074,32.44948453707594,High Risk,High Risk
S08075,55.003053557790025,At Risk,At Risk
S08076,38.119288220251384,High Risk,High Risk
S08077,26.465741774705524,High Risk,High Risk
S08078,63.63772996754706,Steady,Steady
S08079,45.484954308017386,At Risk,At Risk
S08080,54.34499406741885,At Risk,At Risk
S08081,43.94985783569471,At Risk,At Risk
S08082,58.612041320605414,At Risk,At Risk
S08083,55.639584112523146,At Risk,At Risk
S08084,48.29631307142017,At Risk,At Risk
S08085,52.07512810134204,At Risk,At Risk
S08086,77.74037210491616,Steady,Steady
S08087,45.558250715506546,At Risk,At Risk
S08088,45.26164943932523,At Risk,At Risk
S08089,43.40918112132002,At Risk,At Risk
S08090,54.89184140637281,At Risk,At Risk
S08091,49.40103114830904,At Risk,At Risk
S08092,41.15577039332656,At Risk,At Risk
S08093,46.38369968081783,At Risk,At Risk
S08094,45.05783071035016,At Risk,At Risk
S08095,47.96072885408412,At Risk,At Risk
S08096,39.4545034190344,High Risk,High Risk
S08097,56.79807052791745,At Risk,At Risk
S08098,44.92393687601191,At Risk,At Risk
S08099,44.67527771808753,At Risk,At Risk
S08100,47.67411315064701,At Risk,At Risk
S08101,56.09335447675552,At Risk,At Risk
S08102,48.09669459904195,At Risk,At Risk
S08103,51.62269937112559,At Risk,At Risk
S08104,32.372185012304705,High Risk,High Risk
S08105,50.52021333569859,At Risk,At Risk
S08106,59.97743928660131,At Risk,Steady
S08107,74.34843862330902,Steady,Steady
S08108,53.245365629407345,At Risk,At Risk
S08109,54.543137377982134,At Risk,At Risk
S08110,33.432699441759496,High Risk,High Risk
S08111,27.91289909395981,High Risk,High Risk
S08112,55.503842109923355,At Risk,At Risk
S08113,58.15570050779828,At Risk,At Risk
S08114,42.95756468094274,At Risk,At Risk
S08115,56.132831342620946,At Risk,At Risk
S08116,40.118227973646405,At Risk,At Risk
S08117,49.703777317416986,At Risk,At Risk
S08118,70.65567064985474,Steady,Steady
S08119,48.6702010065464,At Risk,At Risk
S08120,52.10852184049879,At Risk,At Risk
S08121,62.76042874920251,Steady,Steady
S08122,66.18653232775678,Steady,Steady
S08123,53.54903634397053,At Risk,At Risk
S08124,56.642850023083135,At Risk,At Risk
S08125,39.67924972159839,High Risk,At Risk
S08126,58.6696387545589,At Risk,At Risk
S08127,36.198864452942864,High Risk,High Risk
S08128,51.743529112151066,At Risk,At Risk
S08129,41.79407007606554,At Risk,At Risk
S08130,58.82052280956719,At Risk,At Risk
S08131,50.164534491696486,At Risk,At Risk
S08132,36.48038990240333,High Risk,High Risk
S08133,73.74406171635394,Steady,Steady
S08134,48.36480575867416,At Risk,At Risk
S08135,24.82562438137032,High Risk,High Risk
S08136,46.930991070183644,At Risk,At Risk
S08137,38.34726179488981,High Risk,High Risk
S08138,39.427070504348904,High Risk,At Risk
S08139,64.01480934521547,Steady,Steady
S08140,65.46788622603191,Steady,Steady
S08141,57.395123140361434,At Risk,At Risk
S08142,60.2402970884348,Steady,Steady
S08143,60.62721790058604,Steady,Steady
S08144,60.664316843947,Steady,Steady
S08145,53.51235802599105,At Risk,At Risk
S08146,66.2119908763146,Steady,Steady
S08147,43.56619259018414,At Risk,At Risk
S08148,61.40532006121345,Steady,At Risk
S08149,65.0121267332895,Steady,Steady
S08150,46.648733037497244,At Risk,At Risk
S08151,41.531250666677906,At Risk,At Risk
S08152,57.445699267450614,At Risk,At Risk
S08153,62.74935588598893,Steady,Steady
S08154,52.70203916991083,At Risk,At Risk
S08155,60.54034450951272,Steady,Steady
S08156,28.484951150507808,High Risk,High Risk
S08157,73.4260388393565,Steady,Steady
S08158,48.07259998184843,At Risk,At Risk
S08159,51.531529409162005,At Risk,At Risk
S08160,59.61818856116092,At Risk,Steady
S08161,83.10676674700785,Star Learners,Steady
S08162,49.5235583070176,At Risk,At Risk
S08163,35.8952937432687,High Risk,High Risk
S08164,52.62891637418954,At Risk,At Risk
S08165,43.26740868551534,At Risk,At Risk
S08166,43.072191607194,At Risk,At Risk
S08167,52.80519669895498,At Risk,At Risk
S08168,51.22501411678445,At Risk,At Risk
S08169,72.9198244453386,Steady,Steady
S08170,51.38505669231539,At Risk,At Risk
S08171,77.94827324772034,Steady,Steady
S08172,42.5460536353643,At Risk,At Risk
S08173,51.67544110895591,At Risk,At Risk
S08174,31.848654651297103,High Risk,High Risk
S08175,55.39818835428254,At Risk,At Risk
S08176,37.5210524131108,High Risk,High Risk
S08177,53.0038170702574,At Risk,At Risk
S08178,46.19636120396292,At Risk,At Risk
S08179,47.41799560657148,At Risk,At Risk
S08180,39.45792229453023,High Risk,At Risk
S08181,44.829460806751285,At Risk,At Risk
S08182,64.31159366468671,Steady,Steady
S08183,45.02961482555718,At Risk,At Risk
S08184,42.940181821907835,At Risk,At Risk
S08185,40.3540774843211,At Risk,At Risk
S08186,38.89176027477961,High Risk,High Risk
S08187,39.36458672182549,High Risk,High Risk
S08188,56.588453616968735,At Risk,At Risk
S08189,37.42356609930013,High Risk,High Risk
S08190,65.44737076895129,Steady,Steady
S08191,38.851216211687486,High Risk,High Risk
S08192,53.98234794277129,At Risk,At Risk
S08193,59.03099645127706,At Risk,Steady
S08194,66.52920710188283,Steady,Steady
S08195,41.427072329143385,At Risk,At Risk
S08196,45.27216005055132,At Risk,At Risk
S08197,64.4013618666811,Steady,Steady
S08198,47.51658699747198,At Risk,At Risk
S08199,52.00139066767908,At Risk,At Risk
S08200,49.60303266901895,At Risk,At Risk
S08201,50.26628692898375,At Risk,At Risk
S08202,71.7566984899549,Steady,Steady
S08203,40.25739408008578,At Risk,At Risk
S08204,45.06890265091484,At Risk,At Risk
S08205,43.96443481691074,At Risk,At Risk
S08206,57.09126020727759,At Risk,At Risk
S08207,50.17466748323146,At Risk,At Risk
S08208,67.18708472790435,Steady,Steady
S08209,50.09964413329444,At Risk,At Risk
S08210,32.07740207207055,High Risk,High Risk
S08211,54.921307275391065,At Risk,At Risk
S08212,35.72088613947718,High Risk,High Risk
S08213,49.834498828548575,At Risk,At Risk
S08214,21.606231267215925,High Risk,High Risk
S08215,73.51135941233252,Steady,Steady
S08216,50.21140269789305,At Risk,At Risk
S08217,51.376997866763986,At Risk,At Risk
S08218,53.083900124240834,At Risk,At Risk
S08219,26.05212519308094,High Risk,High Risk
S08220,43.59618354894254,At Risk,At Risk
S08221,52.56354418802904,At Risk,At Risk
S08222,44.65626341076583,At Risk,At Risk
S08223,54.823865761310266,At Risk,At Risk
S08224,42.43251702382047,At Risk,At Risk
S08225,44.207786437042735,At Risk,At Risk
S08226,61.412898186688395,Steady,Steady
S08227,64.99480410272443,Steady,Steady
S08228,53.06720535625161,At Risk,At Risk
S08229,37.0707100483467,High Risk,High Risk
S08230,45.961498876352046,At Risk,At Risk
S08231,42.504084182239524,At Risk,At Risk
S08232,41.94221770821374,At Risk,At Risk
S08233,35.31250958850054,High Risk,High Risk
S08234,48.87774185495547,At Risk,At Risk
S08235,33.62148647738607,High Risk,High Risk
S08236,49.80321364967602,At Risk,At Risk
S08237,43.616685986422034,At Risk,At Risk
S08238,31.629940729752338,High Risk,High Risk
S08239,40.38009085241697,At Risk,At Risk
S08240,54.28123754199732,At Risk,At Risk
S08241,49.9782390181638,At Risk,At Risk
S08242,51.637097922296185,At Risk,At Risk
S08243,57.3006201605079,At Risk,At Risk
S08244,14.740405402289735,High Risk,High Risk
S08245,45.37592832190844,At Risk,At Risk
S08246,45.08812670708628,At Risk,At Risk
S08247,38.95882065213419,High Risk,High Risk
S08248,61.482718514449985,Steady,Steady
S08249,51.20679661930373,At Risk,At Risk
S08250,67.53923244079458,Steady,Steady
S08251,56.260428046964186,At Risk,At Risk
S08252,57.14768182772565,At Risk,At Risk
S08253,52.73483441748168,At Risk,At Risk
S08254,67.80488099925664,Steady,Steady
S08255,52.018837702070755,At Risk,At Risk
S08256,75.26291828659467,Steady,Steady
S08257,57.01675154165148,At Risk,At Risk
S08258,35.43968136176745,High Risk,High Risk
S08259,70.12302661931264,Steady,Steady
S08260,50.368854116507244,At Risk,At Risk
S08261,38.02884745846776,High Risk,High Risk
S08262,30.42960988015908,High Risk,High Risk
S08263,65.1354441407802,Steady,Steady
S08264,46.65961614258723,At Risk,At Risk
S08265,47.39604748078356,At Risk,At Risk
S08266,66.72746794766421,Steady,Steady
S08267,59.908822810620045,At Risk,At Risk
S08268,70.78144127825173,Steady,Steady
S08269,53.2999382614615,At Risk,At Risk
S08270,63.175215710955676,Steady,Steady
S08271,59.22369382671307,At Risk,At Risk
S08272,52.36081900303257,At Risk,At Risk
S08273,43.93573341376372,At Risk,At Risk
S08274,29.617262477957535,High Risk,High Risk
S08275,36.973513343773824,High Risk,High Risk
S08276,45.508682684856225,At Risk,At Risk
S08277,47.11130249924776,At Risk,At Risk
S08278,51.94269543531041,At Risk,At Risk
S08279,56.34788183545335,At Risk,At Risk
S08280,51.588420657899725,At Risk,At Risk
S08281,37.60688433861005,High Risk,High Risk
S08282,39.035911504479394,High Risk,High Risk
S08283,39.76228222782107,High Risk,High Risk
S08284,36.200437364282834,High Risk,High Risk
S08285,32.12550426991147,High Risk,High Risk
S08286,66.9094488073948,Steady,Steady
S08287,59.26991566609752,At Risk,At Risk
S08288,58.0553406039912,At Risk,At Risk
S08289,15.099101615741727,High Risk,High Risk
S08290,36.60042616537553,High Risk,High Risk
S08291,57.55379773512455,At Risk,At Risk
S08292,37.9868263882629,High Risk,High Risk
S08293,67.59444698019118,Steady,Steady
S08294,65.82312717061484,Steady,Steady
S08295,26.269400653733655,High Risk,High Risk
S08296,61.21381905385,Steady,Steady
S08297,48.66262672544187,At Risk,At Risk
S08298,67.26945533605841,Steady,Steady
S08299,57.05190989808615,At Risk,At Risk
S08300,34.37446003895362,High Risk,High Risk
S08301,38.17524872128295,High Risk,At Risk
S08302,46.359219293867895,At Risk,At Risk
S08303,67.77586210237178,Steady,Steady
S08304,52.273737093308036,At Risk,At Risk
S08305,39.02384894654666,High Risk,High Risk
S08306,43.6905842172848,At Risk,At Risk
S08307,33.348056144333704,High Risk,High Risk
S08308,53.78883361299335,At Risk,At Risk
S08309,58.897857138705234,At Risk,At Risk
S08310,36.35889949350779,High Risk,High Risk
S08311,64.68540414856365,Steady,Steady
S08312,42.70638448741794,At Risk,At Risk
S08313,55.32464513821287,At Risk,At Risk
S08314,21.277681581378385,High Risk,High Risk
S08315,44.457240918318185,At Risk,At Risk
S08316,35.12291733667636,High Risk,High Risk
S08317,44.1385624992779,At Risk,At Risk
S08318,52.12245614549828,At Risk,At Risk
S08319,51.35801395559769,At Risk,At Risk
S08320,55.28667593190691,At Risk,At Risk
S08321,41.94188478573597,At Risk,At Risk
S08322,51.42391774129891,At Risk,At Risk
S08323,45.70331188205398,At Risk,At Risk
S08324,41.17820711296486,At Risk,At Risk
S08325,54.45621621419914,At Risk,At Risk
S08326,47.51449653135785,At Risk,At Risk
S08327,60.48155629463834,Steady,Steady
S08328,60.17198544539815,Steady,At Risk
S08329,47.622952730513305,At Risk,At Risk
S08330,57.531641090685405,At Risk,Steady
S08331,57.114729063484404,At Risk,At Risk
S08332,57.252467422010625,At Risk,At Risk
S08333,61.9299072140185,Steady,At Risk
S08334,70.37719188957583,Steady,Steady
S08335,49.945314189680886,At Risk,At Risk
S08336,68.44194894571525,Steady,Steady
S08337,44.509881626094064,At Risk,At Risk
S08338,58.30480502937145,At Risk,At Risk
S08339,48.250991839877855,At Risk,At Risk
S08340,55.20901483128377,At Risk,At Risk
S08341,45.188962236400876,At Risk,At Risk
S08342,35.18806480657163,High Risk,High Risk
S08343,57.47240431467122,At Risk,At Risk
S08344,21.13120102201614,High Risk,High Risk
S08345,59.90796787389843,At Risk,Steady
S08346,51.90335419883316,At Risk,At Risk
S08347,55.53596777068477,At Risk,At Risk
S08348,61.41429887023384,Steady,Steady
S08349,49.215894880601596,At Risk,At Risk
S08350,49.49833221472406,At Risk,At Risk
S08351,49.12081411750412,At Risk,At Risk
S08352,58.59630908045111,At Risk,At Risk
S08353,37.585343408536296,High Risk,High Risk
S08354,55.49980377820829,At Risk,At Risk
S08355,65.93872098165414,Steady,Steady
S08356,37.403891636691085,High Risk,High Risk
S08357,45.27817731038025,At Risk,At Risk
S08358,36.68201323958114,High Risk,High Risk
S08359,32.86284605753818,High Risk,High Risk
S08360,52.18165847595358,At Risk,At Risk
S08361,59.39614269814996,At Risk,At Risk
S08362,59.42617297200312,At Risk,Steady
S08363,64.11776302011117,Steady,Steady
S08364,37.25973435851518,High Risk,High Risk
S08365,59.5915844927365,At Risk,At Risk
S08366,33.90891283039764,High Risk,High Risk
S08367,49.15594884387531,At Risk,At Risk
S08368,43.78490241106713,At Risk,At Risk
S08369,58.32759907042509,At Risk,At Risk
S08370,42.907636919738295,At Risk,At Risk
S08371,46.679092902040495,At Risk,At Risk
S08372,50.872788645095326,At Risk,At Risk
S08373,58.76626787628398,At Risk,At Risk
S08374,45.962729433692154,At Risk,At Risk
S08375,49.126021599149226,At Risk,At Risk
S08376,46.015807579562754,At Risk,At Risk
S08377,45.57225416791519,At Risk,At Risk
S08378,32.88822623219786,High Risk,High Risk
S08379,57.37746845870918,At Risk,At Risk
S08380,40.62426865337989,At Risk,At Risk
S08381,59.690650330204264,At Risk,At Risk
S08382,40.45774200893533,At Risk,At Risk
S08383,54.18225909988364,At Risk,At Risk
S08384,50.64338798890127,At Risk,At Risk
S08385,60.374518668165344,Steady,Steady
S08386,34.05605513405366,High Risk,High Risk
S08387,51.588308607316755,At Risk,At Risk
S08388,32.529082944095954,High Risk,High Risk
S08389,48.64487034737762,At Risk,At Risk
S08390,73.6814147274919,Steady,Steady
S08391,45.71476995118296,At Risk,At Risk
S08392,46.86542994603191,At Risk,At Risk
S08393,36.66465857259593,High Risk,High Risk
S08394,46.008651360926095,At Risk,At Risk
S08395,64.57711746051429,Steady,Steady
S08396,47.507675131755036,At Risk,At Risk
S08397,61.6638812408984,Steady,Steady
S08398,56.28881236643954,At Risk,At Risk
S08399,49.561136207673755,At Risk,At Risk
S08400,62.506271065163624,Steady,Steady
S08401,50.76110983836822,At Risk,At Risk
S08402,43.53583626246167,At Risk,At Risk
S08403,55.89916599818191,At Risk,At Risk
S08404,55.359585852023876,At Risk,At Risk
S08405,47.35610744517074,At Risk,At Risk
S08406,56.77813116255781,At Risk,At Risk
S08407,55.09065456003687,At Risk,At Risk
S08408,49.36745077778329,At Risk,At Risk
S08409,48.44524141831189,At Risk,At Risk
S08410,54.38289099956102,At Risk,At Risk
S08411,41.088193435105,At Risk,At Risk
S08412,34.91302916695128,High Risk,High Risk
S08413,47.229441078467495,At Risk,At Risk
S08414,48.46574119036122,At Risk,At Risk
S08415,44.47295019476657,At Risk,At Risk
S08416,47.145027059293135,At Risk,At Risk
S08417,48.90161114078453,At Risk,At Risk
S08418,55.383745772256155,At Risk,At Risk
S08419,30.858039743634418,High Risk,High Risk
S08420,45.57014509504826,At Risk,At Risk
S08421,39.32633995197571,High Risk,At Risk
S08422,50.2795673322051,At Risk,At Risk
S08423,32.723471432447575,High Risk,High Risk
S08424,42.89117430046376,At Risk,At Risk
S08425,40.520601719626875,At Risk,At Risk
S08426,45.440375860097156,At Risk,At Risk
S08427,34.03822776328246,High Risk,High Risk
S08428,43.52670690789589,At Risk,At Risk
S08429,42.69642059692288,At Risk,At Risk
S08430,31.819392943976936,High Risk,High Risk
S08431,57.323254942109884,At Risk,Steady
S08432,46.61908540664587,At Risk,At Risk
S08433,44.717117846591606,At Risk,At Risk
S08434,31.156951332659204,High Risk,High Risk
S08435,54.11258250031722,At Risk,At Risk
S08436,64.20040088889635,Steady,Steady
S08437,54.94544494953322,At Risk,At Risk
S08438,46.1956519945091,At Risk,At Risk
S08439,40.65875983214392,At Risk,High Risk
S08440,60.55112074110524,Steady,Steady
S08441,57.38965900854755,At Risk,At Risk
S08442,33.07683642678544,High Risk,High Risk
S08443,49.784909884523216,At Risk,At Risk
S08444,60.20905752942449,Steady,At Risk
S08445,22.604277701695125,High Risk,High Risk
S08446,44.98025218680348,At Risk,At Risk
S08447,54.3544898673724,At Risk,At Risk
S08448,48.39412333751099,At Risk,At Risk
S08449,54.23679861909395,At Risk,At Risk
S08450,52.18868065420851,At Risk,At Risk
S08451,50.77349188911143,At Risk,At Risk
S08452,50.39175395463465,At Risk,At Risk
S08453,56.289733170040876,At Risk,At Risk
S08454,53.407484626285836,At Risk,At Risk
S08455,60.41562759741683,Steady,Steady
S08456,31.17064410868021,High Risk,High Risk
S08457,57.62232312515617,At Risk,At Risk
S08458,37.146837398949835,High Risk,High Risk
S08459,41.40789527680754,At Risk,At Risk
S08460,49.436536369471526,At Risk,At Risk
S08461,60.612804381999986,Steady,Steady
S08462,59.75233432990693,At Risk,At Risk
S08463,52.17218645983831,At Risk,At Risk
S08464,42.59011780903979,At Risk,At Risk
S08465,49.896618677339546,At Risk,At Risk
S08466,47.58285907385878,At Risk,At Risk
S08467,22.866187276751642,High Risk,High Risk
S08468,28.97153260111712,High Risk,High Risk
S08469,54.90886381723777,At Risk,At Risk
S08470,54.19034775774942,At Risk,At Risk
S08471,34.91132600834172,High Risk,High Risk
S08472,55.66185378145243,At Risk,At Risk
S08473,44.6020923360159,At Risk,At Risk
S08474,45.00538944851133,At Risk,At Risk
S08475,30.229919953749455,High Risk,High Risk
S08476,71.4873031568299,Steady,Steady
S08477,45.05698392369383,At Risk,At Risk
S08478,58.81371647989639,At Risk,At Risk
S08479,61.73988136846997,Steady,Steady
S08480,42.94902454021561,At Risk,At Risk
S08481,44.973337804694935,At Risk,At Risk
S08482,49.50605760521497,At Risk,At Risk
S08483,56.809959115274445,At Risk,At Risk
S08484,55.33197635259073,At Risk,At Risk
S08485,56.1258250544304,At Risk,At Risk
S08486,46.32535223582587,At Risk,At Risk
S08487,36.5518818649371,High Risk,High Risk
S08488,61.30914923969989,Steady,At Risk
S08489,30.645258967093937,High Risk,High Risk
S08490,29.036521477918285,High Risk,High Risk
S08491,69.26374985979581,Steady,Steady
S08492,58.11769859871468,At Risk,Steady
S08493,66.59784115945146,Steady,Steady
S08494,58.751787516911,At Risk,Steady
S08495,66.25117387850565,Steady,Steady
S08496,56.71483088701692,At Risk,At Risk
S08497,41.54279474718759,At Risk,At Risk
S08498,45.70061646581164,At Risk,At Risk
S08499,42.53286124259626,At Risk,At Risk
S08500,51.83702563583042,At Risk,At Risk
S08501,44.181932277140234,At Risk,At Risk
S08502,54.96163195307826,At Risk,At Risk
S08503,62.31482961991244,Steady,Steady
S08504,45.65987854393415,At Risk,At Risk
S08505,44.79106492658776,At Risk,At Risk
S08506,27.033874162438554,High Risk,High Risk
S08507,60.404560423871466,Steady,Steady
S08508,36.420327201849574,High Risk,High Risk
S08509,38.41080641861415,High Risk,At Risk
S08510,40.25405485994493,At Risk,High Risk
S08511,47.69994496194284,At Risk,At Risk
S08512,75.37991703561602,Steady,Steady
S08513,58.9525850320658,At Risk,Steady
S08514,59.69912434776028,At Risk,At Risk
S08515,48.36579396690341,At Risk,At Risk
S08516,34.4771262062007,High Risk,High Risk
S08517,33.14604765249877,High Risk,High Risk
S08518,29.89527258385395,High Risk,High Risk
S08519,36.00786459770647,High Risk,High Risk
S08520,47.642506838699276,At Risk,At Risk
S08521,55.5700879420748,At Risk,At Risk
S08522,44.279328273875336,At Risk,At Risk
S08523,50.65806241209272,At Risk,At Risk
S08524,45.10356754396328,At Risk,At Risk
S08525,42.61899769349052,At Risk,At Risk
S08526,50.266318350304594,At Risk,At Risk
S08527,57.34484046688044,At Risk,At Risk
S08528,52.25048818634711,At Risk,At Risk
S08529,65.04453954289164,Steady,Steady
S08530,47.16223215464015,At Risk,At Risk
S08531,54.57099296837997,At Risk,At Risk
S08532,49.254595081127036,At Risk,At Risk
S08533,60.64114923260575,Steady,At Risk
S08534,45.69823849204889,At Risk,At Risk
S08535,46.79253735121095,At Risk,At Risk
S08536,61.235858880686855,Steady,Steady
S08537,57.164377467105496,At Risk,At Risk
S08538,51.570530341970276,At Risk,At Risk
S08539,58.968918583010996,At Risk,At Risk
S08540,41.392663829972385,At Risk,At Risk
S08541,62.271788305058195,Steady,At Risk
S08542,41.408228250543594,At Risk,At Risk
S08543,33.76438895305912,High Risk,High Risk
S08544,59.67276185957262,At Risk,Steady
S08545,60.45504351719667,Steady,Steady
S08546,76.28555531330896,Steady,Steady
S08547,31.462698571086477,High Risk,High Risk
S08548,33.50501845651481,High Risk,High Risk
S08549,52.3795136125107,At Risk,At Risk
S08550,55.14324764887788,At Risk,At Risk
S08551,67.81481926061562,Steady,Steady
S08552,55.61881292792263,At Risk,At Risk
S08553,56.51099498652067,At Risk,At Risk
S08554,24.306426523301795,High Risk,High Risk
S08555,59.10636025865785,At Risk,At Risk
S08556,46.828073634886366,At Risk,At Risk
S08557,51.683131028722464,At Risk,At Risk
S08558,37.913234425576384,High Risk,High Risk
S08559,57.026785194654984,At Risk,At Risk
S08560,60.21699482161256,Steady,Steady
S08561,62.957900268850665,Steady,Steady
S08562,42.65501913671208,At Risk,At Risk
S08563,45.2160872939037,At Risk,At Risk
S08564,44.168024831475364,At Risk,At Risk
S08565,56.086885067707726,At Risk,At Risk
S08566,58.54660357511482,At Risk,At Risk
S08567,19.846116054612654,High Risk,High Risk
S08568,59.561675290922224,At Risk,At Risk
S08569,32.07723702043415,High Risk,High Risk
S08570,61.68904905253646,Steady,At Risk
S08571,40.64315168826654,At Risk,At Risk
S08572,58.85284704487501,At Risk,At Risk
S08573,55.11447955871876,At Risk,At Risk
S08574,62.78418834232912,Steady,Steady
S08575,43.9435094986858,At Risk,At Risk
S08576,49.17300129208777,At Risk,At Risk
S08577,79.28073469834726,Steady,Steady
S08578,52.963444158536056,At Risk,At Risk
S08579,57.847837789220065,At Risk,At Risk
S08580,44.112363883786394,At Risk,At Risk
S08581,50.22684794298146,At Risk,At Risk
S08582,54.019502911423736,At Risk,At Risk
S08583,39.45805961544138,High Risk,At Risk
S08584,52.36482575965196,At Risk,At Risk
S08585,36.05682439769915,High Risk,High Risk
S08586,52.5765325728738,At Risk,At Risk
S08587,31.93216293680211,High Risk,High Risk
S08588,51.86020211485275,At Risk,At Risk
S08589,51.8559672076639,At Risk,At Risk
S08590,56.993141827712726,At Risk,At Risk
S08591,51.44761115999613,At Risk,At Risk
S08592,41.4666395120844,At Risk,High Risk
S08593,50.23673479229345,At Risk,At Risk
S08594,50.69103450070255,At Risk,At Risk
S08595,52.550138919656675,At Risk,At Risk
S08596,51.70596474367877,At Risk,At Risk
S08597,69.45612697354728,Steady,Steady
S08598,57.000684021138866,At Risk,At Risk
S08599,48.98163422258951,At Risk,At Risk
S08600,58.894014613589874,At Risk,At Risk
S08601,32.805212076436625,High Risk,High Risk
S08602,57.074308942894405,At Risk,At Risk
S08603,44.04235513061628,At Risk,At Risk
S08604,38.346345399499846,High Risk,High Risk
S08605,25.339614347727572,High Risk,High Risk
S08606,52.97528046245542,At Risk,At Risk
S08607,49.632570043326886,At Risk,At Risk
S08608,81.94495556630545,Star Learners,Steady
S08609,45.33387080707205,At Risk,At Risk
S08610,59.67929257351392,At Risk,At Risk
S08611,40.21341714798954,At Risk,At Risk
S08612,58.13128921699925,At Risk,At Risk
S08613,74.1548429979114,Steady,Steady
S08614,57.48325917645324,At Risk,At Risk
S08615,34.12026063068117,High Risk,High Risk
S08616,40.32713731540603,At Risk,At Risk
S08617,58.686794283156715,At Risk,Steady
S08618,63.04744226808997,Steady,Steady
S08619,34.08590154448453,High Risk,High Risk
S08620,42.100719818890994,At Risk,At Risk
S08621,34.995608806339284,High Risk,High Risk
S08622,41.860280129943,At Risk,At Risk
S08623,43.79970897808423,At Risk,At Risk
S08624,46.110531226278,At Risk,At Risk
S08625,37.522228072841415,High Risk,High Risk
S08626,37.07155755261885,High Risk,High Risk
S08627,58.31052370976496,At Risk,At Risk
S08628,56.39432444421604,At Risk,At Risk
S08629,66.95077737834258,Steady,Steady
S08630,42.1815403768945,At Risk,High Risk
S08631,54.75445262926284,At Risk,At Risk
S08632,52.14553912943218,At Risk,At Risk
S08633,38.67465847715303,High Risk,At Risk
S08634,31.86680418030893,High Risk,High Risk
S08635,57.214896697512565,At Risk,At Risk
S08636,36.979153086428184,High Risk,High Risk
S08637,44.2952564231459,At Risk,At Risk
S08638,53.65484223416315,At Risk,At Risk
S08639,35.644847158135285,High Risk,High Risk
S08640,65.88250152383155,Steady,Steady
S08641,59.20829353512935,At Risk,At Risk
S08642,58.437295771025454,At Risk,At Risk
S08643,50.41300855600004,At Risk,At Risk
S08644,41.74784223946325,At Risk,At Risk
S08645,64.87913555712426,Steady,Steady
S08646,59.30673181757087,At Risk,Steady
S08647,41.943115599367445,At Risk,At Risk
S08648,70.37050258254041,Steady,Steady
S08649,65.77684869083964,Steady,Steady
S08650,51.45325433695472,At Risk,At Risk
S08651,36.349254737015286,High Risk,High Risk
S08652,40.01081857092533,At Risk,At Risk
S08653,56.307850252566425,At Risk,At Risk
S08654,40.045181911558544,At Risk,At Risk
S08655,63.913071875343654,Steady,Steady
S08656,58.83533824426538,At Risk,At Risk
S08657,39.55147709886504,High Risk,High Risk
S08658,64.01698664284264,Steady,Steady
S08659,41.61840136500369,At Risk,At Risk
S08660,36.48575069754052,High Risk,High Risk
S08661,41.92261290559659,At Risk,At Risk
S08662,39.227784339349206,High Risk,High Risk
S08663,47.64286159720099,At Risk,At Risk
S08664,27.791400329965903,High Risk,High Risk
S08665,46.11951792907231,At Risk,At Risk
S08666,61.21396401224373,Steady,Steady
S08667,58.1877692206193,At Risk,At Risk
S08668,42.19948354010255,At Risk,At Risk
S08669,55.58910306952885,At Risk,At Risk
S08670,45.524004551283504,At Risk,At Risk
S08671,50.041485933843354,At Risk,At Risk
S08672,57.04125012528804,At Risk,At Risk
S08673,56.37906501036428,At Risk,At Risk
S08674,47.77089266414264,At Risk,At Risk
S08675,72.42469547281098,Steady,Steady
S08676,45.56409328714389,At Risk,At Risk
S08677,40.9031245207672,At Risk,High Risk
S08678,27.94243231634768,High Risk,High Risk
S08679,50.16020614067745,At Risk,At Risk
S08680,62.47660246967892,Steady,Steady
S08681,60.18156894825539,Steady,At Risk
S08682,66.2481879816349,Steady,Steady
S08683,38.582024168869935,High Risk,High Risk
S08684,55.67270392747341,At Risk,At Risk
S08685,57.918525458205124,At Risk,At Risk
S08686,37.44870084935265,High Risk,High Risk
S08687,56.55277083715144,At Risk,At Risk
S08688,49.42555172174435,At Risk,At Risk
S08689,44.351220666031345,At Risk,At Risk
S08690,59.658579720827156,At Risk,Steady
S08691,54.54233585238012,At Risk,At Risk
S08692,45.99765999836527,At Risk,At Risk
S08693,57.646379401162115,At Risk,At Risk
S08694,31.552045891408063,High Risk,High Risk
S08695,62.341903265368245,Steady,Steady
S08696,53.55365030608211,At Risk,At Risk
S08697,52.494287650003116,At Risk,At Risk
S08698,42.84756509521209,At Risk,At Risk
S08699,61.252782158053435,Steady,At Risk
S08700,50.31913861580789,At Risk,At Risk
S08701,47.11751295150452,At Risk,At Risk
S08702,51.32544952402645,At Risk,At Risk
S08703,30.22800279185356,High Risk,High Risk
S08704,35.707457497332705,High Risk,High Risk
S08705,61.759693100731916,Steady,Steady
S08706,41.834112935772325,At Risk,At Risk
S08707,50.78790720173703,At Risk,At Risk
S08708,59.99325610290472,At Risk,Steady
S08709,67.70992945826333,Steady,Steady
S08710,57.77505970537915,At Risk,At Risk
S08711,46.278516117307674,At Risk,At Risk
S08712,44.031356643155625,At Risk,At Risk
S08713,57.965111692646474,At Risk,At Risk
S08714,43.92977299935863,At Risk,At Risk
S08715,16.926278230865023,High Risk,High Risk
S08716,52.18218705125626,At Risk,At Risk
S08717,34.203196668835616,High Risk,High Risk
S08718,38.164099585760376,High Risk,High Risk
S08719,30.212679490194656,High Risk,High Risk
S08720,68.42751174580745,Steady,Steady
S08721,49.43231335420182,At Risk,At Risk
S08722,70.02897599371106,Steady,Steady
S08723,43.244842743772885,At Risk,At Risk
S08724,60.193805066697735,Steady,At Risk
S08725,58.25289623846399,At Risk,At Risk
S08726,39.57224797591591,High Risk,High Risk
S08727,59.87705190836034,At Risk,At Risk
S08728,46.19420630620066,At Risk,At Risk
S08729,55.38668256370217,At Risk,At Risk
S08730,75.9941564954621,Steady,Steady
S08731,56.74174127487587,At Risk,At Risk
S08732,68.36430450403054,Steady,Steady
S08733,45.953395917428296,At Risk,At Risk
S08734,44.00261366954987,At Risk,At Risk
S08735,34.16411869484425,High Risk,High Risk
S08736,63.81407477521891,Steady,Steady
S08737,56.536307295228006,At Risk,At Risk
S08738,48.42349560892424,At Risk,At Risk
S08739,45.7212383350653,At Risk,At Risk
S08740,41.54534033550036,At Risk,At Risk
S08741,59.80776333391429,At Risk,At Risk
S08742,61.164400748612714,Steady,Steady
S08743,43.585641823945245,At Risk,At Risk
S08744,69.50839185567155,Steady,Steady
S08745,52.60658811705517,At Risk,At Risk
S08746,57.26609166572173,At Risk,At Risk
S08747,54.17403224971604,At Risk,At Risk
S08748,51.28742490752829,At Risk,At Risk
S08749,67.96908959085863,Steady,Steady
S08750,68.74686544132537,Steady,Steady
S08751,49.86666677738454,At Risk,At Risk
S08752,69.22155558788928,Steady,Steady
S08753,58.963822946915776,At Risk,At Risk
S08754,63.963136547393084,Steady,Steady
S08755,49.805059921381506,At Risk,At Risk
S08756,49.87764855464846,At Risk,At Risk
S08757,27.042657472408884,High Risk,High Risk
S08758,45.306964417358344,At Risk,At Risk
S08759,36.401147074017395,High Risk,High Risk
S08760,52.00848624777977,At Risk,At Risk
S08761,57.089296759161925,At Risk,At Risk
S08762,55.574124633525145,At Risk,At Risk
S08763,57.47459493944916,At Risk,At Risk
S08764,58.378489410722715,At Risk,At Risk
S08765,59.63641359360767,At Risk,At Risk
S08766,61.153054781325,Steady,Steady
S08767,46.22069371079762,At Risk,At Risk
S08768,63.515809194198326,Steady,At Risk
S08769,32.4976793073564,High Risk,High Risk
S08770,57.614264504637866,At Risk,At Risk
S08771,41.8671599639761,At Risk,At Risk
S08772,53.98751446905693,At Risk,At Risk
S08773,46.6744218382137,At Risk,At Risk
S08774,61.73900295545971,Steady,Steady
S08775,44.78346276098316,At Risk,At Risk
S08776,47.35352884653069,At Risk,At Risk
S08777,41.0155576954859,At Risk,High Risk
S08778,44.58268123840929,At Risk,At Risk
S08779,78.40810280104826,Steady,Steady
S08780,45.19249162473151,At Risk,At Risk
S08781,59.89550473256864,At Risk,Steady
S08782,34.62426148747344,High Risk,High Risk
S08783,74.23351306636405,Steady,Steady
S08784,44.539041278194325,At Risk,At Risk
S08785,62.125560192686414,Steady,Steady
S08786,45.4255172659338,At Risk,At Risk
S08787,47.503267791738594,At Risk,At Risk
S08788,31.45864927010117,High Risk,High Risk
S08789,31.0664490096907,High Risk,High Risk
S08790,49.94981056531611,At Risk,At Risk
S08791,62.90355676127315,Steady,Steady
S08792,63.694164812629325,Steady,Steady
S08793,56.813203712644864,At Risk,At Risk
S08794,56.45880145591126,At Risk,At Risk
S08795,36.030086288892996,High Risk,High Risk
S08796,41.43939512532396,At Risk,At Risk
S08797,38.44900049496013,High Risk,At Risk
S08798,36.02430763632104,High Risk,High Risk
S08799,47.0092464592144,At Risk,At Risk
S08800,38.36294252048058,High Risk,High Risk
S08801,45.81732970625699,At Risk,At Risk
S08802,54.75138835849393,At Risk,At Risk
S08803,40.5975950787384,At Risk,High Risk
S08804,38.25784922278773,High Risk,High Risk
S08805,73.85573467963799,Steady,Steady
S08806,61.02744008059196,Steady,Steady
S08807,61.76101997236544,Steady,Steady
S08808,45.500840630537844,At Risk,At Risk
S08809,61.44527998503588,Steady,Steady
S08810,52.53940092673521,At Risk,At Risk
S08811,51.004473965518635,At Risk,At Risk
S08812,47.77553076890043,At Risk,At Risk
S08813,31.42776303436095,High Risk,High Risk
S08814,41.49691321147213,At Risk,At Risk
S08815,53.382800385187466,At Risk,At Risk
S08816,59.0252649563155,At Risk,Steady
S08817,61.976364841454945,Steady,At Risk
S08818,63.218462315189974,Steady,Steady
S08819,55.935124342470424,At Risk,At Risk
S08820,79.2981873198906,Steady,Steady
S08821,58.7892376819529,At Risk,At Risk
S08822,39.48663128390152,High Risk,High Risk
S08823,44.29933991339875,At Risk,At Risk
S08824,45.16092872854031,At Risk,At Risk
S08825,56.30852763063323,At Risk,At Risk
S08826,41.31566401231856,At Risk,High Risk
S08827,75.67490321489936,Steady,Steady
S08828,43.03470140944154,At Risk,At Risk
S08829,48.146736461160266,At Risk,At Risk
S08830,39.78466112812835,High Risk,At Risk
S08831,34.40379668586772,High Risk,High Risk
S08832,35.924265892609355,High Risk,High Risk
S08833,40.27929053753535,At Risk,At Risk
S08834,44.22919563335701,At Risk,At Risk
S08835,48.69669189670584,At Risk,At Risk
S08836,55.17243759461701,At Risk,At Risk
S08837,53.47872414182915,At Risk,At Risk
S08838,55.61934842309206,At Risk,At Risk
S08839,40.60922896374094,At Risk,At Risk
S08840,54.48977192949598,At Risk,At Risk
S08841,55.99808723606385,At Risk,At Risk
S08842,44.08574172119189,At Risk,At Risk
S08843,54.38197255384017,At Risk,At Risk
S08844,48.20890064835667,At Risk,At Risk
S08845,61.45124409003656,Steady,At Risk
S08846,50.189977919064034,At Risk,At Risk
S08847,50.18539922264369,At Risk,At Risk
S08848,62.66547392767977,Steady,Steady
S08849,28.037095427043486,High Risk,High Risk
S08850,51.149433179362724,At Risk,At Risk
S08851,51.33575889527597,At Risk,At Risk
S08852,33.54377524617272,High Risk,High Risk
S08853,50.54183058933963,At Risk,At Risk
S08854,32.4453074492181,High Risk,High Risk
S08855,46.397544745165455,At Risk,At Risk
S08856,59.19720421801043,At Risk,At Risk
S08857,45.59920868914648,At Risk,At Risk
S08858,56.85172891742909,At Risk,At Risk
S08859,51.24058981417554,At Risk,At Risk
S08860,46.418206339580045,At Risk,At Risk
S08861,44.10481241261298,At Risk,At Risk
S08862,54.71947193399953,At Risk,At Risk
S08863,51.52897725979039,At Risk,At Risk
S08864,69.22626596681083,Steady,Steady
S08865,38.832513400885794,High Risk,High Risk
S08866,32.19444787618577,High Risk,High Risk
S08867,48.33989977429036,At Risk,At Risk
S08868,64.27939137280838,Steady,Steady
S08869,46.05096890897721,At Risk,At Risk
S08870,26.614073629083933,High Risk,High Risk
S08871,42.867564432750186,At Risk,At Risk
S08872,38.42935996532727,High Risk,High Risk
S08873,43.52548711479293,At Risk,At Risk
S08874,59.06122878523914,At Risk,Steady
S08875,44.030610835295484,At Risk,At Risk
S08876,60.96520059499373,Steady,Steady
S08877,47.62449991020065,At Risk,At Risk
S08878,64.35901084697826,Steady,Steady
S08879,56.00937148839189,At Risk,At Risk
S08880,56.053768738319974,At Risk,At Risk
S08881,65.7810629409448,Steady,Steady
S08882,64.8155150711571,Steady,Steady
S08883,42.40165728860696,At Risk,At Risk
S08884,57.08074523909838,At Risk,At Risk
S08885,20.50711500186001,High Risk,High Risk
S08886,27.168870613469565,High Risk,High Risk
S08887,42.36101803890341,At Risk,At Risk
S08888,48.45946558884053,At Risk,At Risk
S08889,65.96730941156929,Steady,Steady
S08890,62.36281279604536,Steady,Steady
S08891,44.53113269063867,At Risk,At Risk
S08892,45.83770476693012,At Risk,At Risk
S08893,72.7722495218654,Steady,Steady
S08894,51.33401857441908,At Risk,At Risk
S08895,61.59043151991717,Steady,At Risk
S08896,58.23754869164234,At Risk,Steady
S08897,28.480430119643685,High Risk,High Risk
S08898,69.21280364798153,Steady,Steady
S08899,57.51565430195148,At Risk,At Risk
S08900,48.229340960810276,At Risk,At Risk
S08901,29.82371208901028,High Risk,High Risk
S08902,39.554163186101846,High Risk,High Risk
S08903,54.24299430896833,At Risk,At Risk
S08904,29.897775781575625,High Risk,High Risk
S08905,36.19695795276758,High Risk,High Risk
S08906,42.903324253750554,At Risk,At Risk
S08907,67.04372384950321,Steady,Steady
S08908,37.76184255486565,High Risk,High Risk
S08909,64.53567166189806,Steady,Steady
S08910,46.37183410842505,At Risk,At Risk
S08911,48.63221016924958,At Risk,At Risk
S08912,48.66603427285954,At Risk,At Risk
S08913,61.304077284926414,Steady,At Risk
S08914,43.302734861533104,At Risk,At Risk
S08915,42.44433282443095,At Risk,At Risk
S08916,31.430125886933418,High Risk,High Risk
S08917,49.55882912410142,At Risk,At Risk
S08918,67.87294004152803,Steady,Steady
S08919,42.195237253577275,At Risk,At Risk
S08920,48.15948157424529,At Risk,At Risk
S08921,37.0375311838669,High Risk,High Risk
S08922,51.8896502997671,At Risk,At Risk
S08923,62.487392746038,Steady,Steady
S08924,69.59011174006037,Steady,Steady
S08925,53.91781480326804,At Risk,At Risk
S08926,53.448524459386434,At Risk,At Risk
S08927,38.349763301088494,High Risk,High Risk
S08928,45.004652662107084,At Risk,At Risk
S08929,59.10670435543898,At Risk,Steady
S08930,60.63505426523621,Steady,At Risk
S08931,56.55943697544784,At Risk,At Risk
S08932,44.19696304783983,At Risk,At Risk
S08933,51.71138469086204,At Risk,At Risk
S08934,43.227398118520014,At Risk,At Risk
S08935,48.98590736844941,At Risk,At Risk
S08936,72.36933136177618,Steady,Steady
S08937,28.916250144509885,High Risk,High Risk
S08938,53.7061888243414,At Risk,At Risk
S08939,50.708077927459115,At Risk,At Risk
S08940,46.725003244904926,At Risk,At Risk
S08941,42.141431701566226,At Risk,At Risk
S08942,34.152154860343714,High Risk,High Risk
S08943,51.362130251144734,At Risk,At Risk
S08944,44.2226798355729,At Risk,At Risk
S08945,54.87511695984399,At Risk,At Risk
S08946,54.866014772162465,At Risk,At Risk
S08947,43.024127135441404,At Risk,At Risk
S08948,26.479910227492308,High Risk,High Risk
S08949,53.00768594212464,At Risk,At Risk
S08950,32.792975906736025,High Risk,High Risk
S08951,61.204164404510976,Steady,Steady
S08952,56.62203895954689,At Risk,At Risk
S08953,58.37302645784908,At Risk,At Risk
S08954,60.52725037885246,Steady,At Risk
S08955,61.9107375941321,Steady,Steady
S08956,49.809107582102094,At Risk,At Risk
S08957,60.903180238509044,Steady,Steady
S08958,66.20734918347777,Steady,Steady
S08959,52.98775672590288,At Risk,At Risk
S08960,44.42358222515256,At Risk,At Risk
S08961,55.74639722776402,At Risk,At Risk
S08962,42.00524923663362,At Risk,At Risk
S08963,38.479181416875214,High Risk,At Risk
S08964,67.55644999190173,Steady,Steady
S08965,62.007335704602525,Steady,Steady
S08966,21.246557558513548,High Risk,High Risk
S08967,45.5795094175337,At Risk,At Risk
S08968,32.4130371376126,High Risk,High Risk
S08969,48.24583223345896,At Risk,At Risk
S08970,48.06527850654227,At Risk,At Risk
S08971,66.10644845364095,Steady,Steady
S08972,59.545804345883404,At Risk,At Risk
S08973,47.12659904408858,At Risk,At Risk
S08974,48.92023188709246,At Risk,At Risk
S08975,55.56523429628252,At Risk,At Risk
S08976,56.80979801052499,At Risk,At Risk
S08977,64.06032679342366,Steady,Steady
S08978,34.03119876767733,High Risk,High Risk
S08979,49.617196816110884,At Risk,At Risk
S08980,63.57122866416709,Steady,Steady
S08981,57.74822712757736,At Risk,Steady
S08982,48.578278778180355,At Risk,At Risk
S08983,38.03705072983015,High Risk,At Risk
S08984,44.100506410200616,At Risk,At Risk
S08985,56.62046502304147,At Risk,At Risk
S08986,45.41080516791231,At Risk,At Risk
S08987,54.58354432519618,At Risk,At Risk
S08988,21.60823069863867,High Risk,High Risk
S08989,36.98656077814814,High Risk,High Risk
S08990,55.144151998573875,At Risk,At Risk
S08991,48.04060805391911,At Risk,At Risk
S08992,32.787453801816305,High Risk,High Risk
S08993,45.49017291270755,At Risk,At Risk
S08994,47.23833300471656,At Risk,At Risk
S08995,35.920350170681346,High Risk,High Risk
S08996,67.651304911052,Steady,Steady
S08997,54.58486601974422,At Risk,At Risk
S08998,51.41965397570283,At Risk,At Risk
S08999,64.86481763521581,Steady,Steady
S09000,37.251420318026625,High Risk,High Risk
S09001,49.280993245072125,At Risk,At Risk
S09002,54.534059435463334,At Risk,At Risk
S09003,52.80375234336162,At Risk,At Risk
S09004,63.097724634021326,Steady,Steady
S09005,70.95654835242536,Steady,Steady
S09006,56.29300170502442,At Risk,At Risk
S09007,49.76594565653345,At Risk,At Risk
S09008,60.70682666177704,Steady,Steady
S09009,59.348761857973365,At Risk,Steady
S09010,57.642085495702,At Risk,At Risk
S09011,58.58390268202861,At Risk,At Risk
S09012,43.602049955676456,At Risk,At Risk
S09013,65.78902970663938,Steady,Steady
S09014,49.213248057201284,At Risk,At Risk
S09015,49.13400481874917,At Risk,At Risk
S09016,32.79208001465494,High Risk,High Risk
S09017,41.87304128686722,At Risk,At Risk
S09018,40.452103855287405,At Risk,High Risk
S09019,58.75349636518878,At Risk,Steady
S09020,66.0250840453697,Steady,Steady
S09021,50.73966916947483,At Risk,At Risk
S09022,47.66312881046947,At Risk,At Risk
S09023,36.7304217055983,High Risk,High Risk
S09024,42.29808021060507,At Risk,At Risk
S09025,57.334111546673164,At Risk,At Risk
S09026,54.10387289974229,At Risk,At Risk
S09027,44.31261319172026,At Risk,At Risk
S09028,39.7660002465933,High Risk,At Risk
S09029,57.64574774547411,At Risk,At Risk
S09030,43.209291133874096,At Risk,At Risk
S09031,44.109003135171214,At Risk,At Risk
S09032,61.89112059204618,Steady,Steady
S09033,42.05726813030973,At Risk,At Risk
S09034,53.25010307269662,At Risk,At Risk
S09035,47.06645079347857,At Risk,At Risk
S09036,39.704704682077185,High Risk,At Risk
S09037,83.81728410689806,Star Learners,Steady
S09038,35.104675132708444,High Risk,High Risk
S09039,53.59825740737648,At Risk,At Risk
S09040,44.3269613560093,At Risk,At Risk
S09041,44.88659332817614,At Risk,At Risk
S09042,59.395326051357664,At Risk,Steady
S09043,38.991106597512704,High Risk,At Risk
S09044,47.05508867983511,At Risk,At Risk
S09045,46.46331033856489,At Risk,At Risk
S09046,42.5551549516552,At Risk,At Risk
S09047,48.08346253237127,At Risk,At Risk
S09048,62.31794863451603,Steady,Steady
S09049,50.241856365074376,At Risk,At Risk
S09050,64.36756544253814,Steady,Steady
S09051,43.24540678979991,At Risk,At Risk
S09052,43.64275061279008,At Risk,At Risk
S09053,55.51657394711589,At Risk,At Risk
S09054,56.654048879129725,At Risk,At Risk
S09055,53.728042224842355,At Risk,At Risk
S09056,47.164866317247224,At Risk,At Risk
S09057,59.21737368175385,At Risk,Steady
S09058,53.223882262373245,At Risk,At Risk
S09059,40.04533425114346,At Risk,High Risk
S09060,27.557808694922258,High Risk,High Risk
S09061,72.96774764929307,Steady,Steady
S09062,69.52810091761431,Steady,Steady
S09063,61.263117824796595,Steady,Steady
S09064,45.07681867091996,At Risk,At Risk
S09065,47.06973885786381,At Risk,At Risk
S09066,30.18571789532182,High Risk,High Risk
S09067,58.53127755676749,At Risk,At Risk
S09068,64.8589219087502,Steady,Steady
S09069,30.499798498606257,High Risk,High Risk
S09070,61.04911904919269,Steady,Steady
S09071,57.99622351604252,At Risk,At Risk
S09072,32.342011779130445,High Risk,High Risk
S09073,38.68818271597512,High Risk,High Risk
S09074,61.26629240336722,Steady,Steady
S09075,42.782888278771935,At Risk,At Risk
S09076,48.39930457492074,At Risk,At Risk
S09077,50.60685140004436,At Risk,At Risk
S09078,59.78290789018686,At Risk,Steady
S09079,39.34440608377872,High Risk,At Risk
S09080,53.207272224307935,At Risk,At Risk
S09081,82.3606527724559,Star Learners,Steady
S09082,38.92734484374741,High Risk,At Risk
S09083,48.87085238436721,At Risk,At Risk
S09084,57.889351300013836,At Risk,At Risk
S09085,67.46327747176078,Steady,Steady
S09086,50.32400148808915,At Risk,At Risk
S09087,50.957148843083885,At Risk,At Risk
S09088,39.367480815130776,High Risk,High Risk
S09089,38.14237720140311,High Risk,At Risk
S09090,62.309873867641976,Steady,Steady
S09091,52.454428910009966,At Risk,At Risk
S09092,52.85250921185476,At Risk,At Risk
S09093,38.819603953780174,High Risk,At Risk
S09094,49.83453419675638,At Risk,At Risk
S09095,50.04244318207623,At Risk,At Risk
S09096,30.39219426319263,High Risk,High Risk
S09097,50.401461758801936,At Risk,At Risk
S09098,53.14110374088919,At Risk,At Risk
S09099,47.662829667193066,At Risk,At Risk
S09100,68.06508562166408,Steady,Steady
S09101,69.129141023819,Steady,Steady
S09102,53.70538617105741,At Risk,At Risk
S09103,61.93042528137538,Steady,Steady
S09104,62.81226485588005,Steady,Steady
S09105,54.028739139487,At Risk,At Risk
S09106,45.37067219616303,At Risk,At Risk
S09107,52.25212609317621,At Risk,At Risk
S09108,51.09800503727343,At Risk,At Risk
S09109,50.654742516320475,At Risk,At Risk
S09110,35.10709462567166,High Risk,High Risk
S09111,65.06865932789682,Steady,Steady
S09112,49.60102964951716,At Risk,At Risk
S09113,54.943466687776876,At Risk,At Risk
S09114,46.36421671911362,At Risk,At Risk
S09115,24.170422078348455,High Risk,High Risk
S09116,48.561569350325286,At Risk,At Risk
S09117,74.5302601723297,Steady,Steady
S09118,53.41527168047816,At Risk,At Risk
S09119,56.32832019230136,At Risk,At Risk
S09120,56.98670337866133,At Risk,At Risk
S09121,55.06089426350327,At Risk,At Risk
S09122,61.0683741166188,Steady,Steady
S09123,56.593820870648216,At Risk,At Risk
S09124,35.07825913088463,High Risk,High Risk
S09125,56.54673420169563,At Risk,At Risk
S09126,54.81011275681945,At Risk,At Risk
S09127,58.18179670926198,At Risk,Steady
S09128,62.6013529046848,Steady,Steady
S09129,48.767331126623716,At Risk,At Risk
S09130,51.23398615971293,At Risk,At Risk
S09131,49.61801131005574,At Risk,At Risk
S09132,44.41784027350349,At Risk,At Risk
S09133,48.15082041273755,At Risk,At Risk
S09134,47.16637002991976,At Risk,At Risk
S09135,53.242320272940866,At Risk,At Risk
S09136,58.39255698722986,At Risk,At Risk
S09137,65.79433006827365,Steady,Steady
S09138,44.38883485754419,At Risk,At Risk
S09139,32.418139898607656,High Risk,High Risk
S09140,55.38875370544769,At Risk,At Risk
S09141,27.419812661061822,High Risk,High Risk
S09142,62.180909900146744,Steady,Steady
S09143,40.66284342491331,At Risk,At Risk
S09144,41.35210362052452,At Risk,High Risk
S09145,35.56450817159888,High Risk,High Risk
S09146,36.86217140641146,High Risk,High Risk
S09147,27.266095100025957,High Risk,High Risk
S09148,43.43398561432492,At Risk,At Risk
S09149,54.158666147399884,At Risk,At Risk
S09150,69.52513219226472,Steady,Steady
S09151,34.63507447124709,High Risk,High Risk
S09152,52.817937762636504,At Risk,At Risk
S09153,45.46395492158914,At Risk,At Risk
S09154,38.1692783115148,High Risk,High Risk
S09155,48.12386512263219,At Risk,At Risk
S09156,59.08219234213511,At Risk,At Risk
S09157,55.72694179175197,At Risk,At Risk
S09158,46.30302187710234,At Risk,At Risk
S09159,51.85685028517694,At Risk,At Risk
S09160,43.20852923091648,At Risk,At Risk
S09161,25.044981286681256,High Risk,High Risk
S09162,39.9120792999096,High Risk,At Risk
S09163,45.741983685496635,At Risk,At Risk
S09164,27.623848007495106,High Risk,High Risk
S09165,40.41360812400967,At Risk,At Risk
S09166,61.17882487766112,Steady,Steady
S09167,43.82698714404603,At Risk,At Risk
S09168,28.019311523287083,High Risk,High Risk
S09169,68.39136784657367,Steady,Steady
S09170,54.525479620833536,At Risk,At Risk
S09171,48.950056512757655,At Risk,At Risk
S09172,36.0318219965054,High Risk,High Risk
S09173,30.931516887791265,High Risk,High Risk
S09174,45.76559965294459,At Risk,At Risk
S09175,58.91818135117237,At Risk,At Risk
S09176,62.27927913769562,Steady,Steady
S09177,39.33278060513282,High Risk,High Risk
S09178,44.62960587996353,At Risk,At Risk
S09179,46.78799853372638,At Risk,At Risk
S09180,62.45120855780228,Steady,Steady
S09181,50.16209090734534,At Risk,At Risk
S09182,40.766477502113865,At Risk,At Risk
S09183,73.56308521120833,Steady,Steady
S09184,62.319214816355306,Steady,Steady
S09185,54.25633883628818,At Risk,At Risk
S09186,52.43488566857769,At Risk,At Risk
S09187,39.85021599877088,High Risk,At Risk
S09188,50.93493653216118,At Risk,At Risk
S09189,46.86320072377501,At Risk,At Risk
S09190,39.23834051917926,High Risk,High Risk
S09191,42.97865089888403,At Risk,At Risk
S09192,44.651826084660165,At Risk,At Risk
S09193,33.17731099534738,High Risk,High Risk
S09194,38.430094137559635,High Risk,High Risk
S09195,77.16335399318498,Steady,Steady
S09196,55.26426335491481,At Risk,At Risk
S09197,47.85382342269506,At Risk,At Risk
S09198,60.00511003966971,Steady,Steady
S09199,59.457798403286375,At Risk,At Risk
S09200,40.60007838825047,At Risk,At Risk
S09201,44.90592764089103,At Risk,At Risk
S09202,60.7168211534606,Steady,At Risk
S09203,46.17173734510917,At Risk,At Risk
S09204,44.89255497277976,At Risk,At Risk
S09205,42.69819064757764,At Risk,At Risk
S09206,65.11372985522993,Steady,Steady
S09207,55.78615437386172,At Risk,At Risk
S09208,43.99586151987277,At Risk,At Risk
S09209,71.90630841809171,Steady,Steady
S09210,50.66534359839694,At Risk,At Risk
S09211,34.310420106545244,High Risk,High Risk
S09212,52.12178737882122,At Risk,At Risk
S09213,56.386151569009044,At Risk,At Risk
S09214,37.326563253512624,High Risk,High Risk
S09215,52.57554615868407,At Risk,At Risk
S09216,52.13023771505549,At Risk,At Risk
S09217,50.027598581421174,At Risk,At Risk
S09218,48.02239593855696,At Risk,At Risk
S09219,43.940447995863586,At Risk,At Risk
S09220,49.64464967026426,At Risk,At Risk
S09221,57.30808208347982,At Risk,At Risk
S09222,55.992421813015135,At Risk,At Risk
S09223,44.67389892182428,At Risk,At Risk
S09224,33.382640971960996,High Risk,High Risk
S09225,36.55372429227217,High Risk,High Risk
S09226,58.62314570765639,At Risk,At Risk
S09227,38.22132775512111,High Risk,At Risk
S09228,35.47674821745002,High Risk,High Risk
S09229,54.03640753077924,At Risk,At Risk
S09230,57.68505361374356,At Risk,At Risk
S09231,36.56164487426351,High Risk,High Risk
S09232,39.05939635326713,High Risk,High Risk
S09233,44.86090145196335,At Risk,At Risk
S09234,67.29754835477299,Steady,Steady
S09235,43.51165686408596,At Risk,At Risk
S09236,63.66462820719549,Steady,Steady
S09237,37.95855673354242,High Risk,High Risk
S09238,43.78113574819461,At Risk,At Risk
S09239,39.96645709927121,High Risk,High Risk
S09240,52.56045018746227,At Risk,At Risk
S09241,37.16165216729049,High Risk,High Risk
S09242,48.198323042568845,At Risk,At Risk
S09243,50.80391413497192,At Risk,At Risk
S09244,26.86656362523761,High Risk,High Risk
S09245,47.3633677693582,At Risk,At Risk
S09246,30.27274844425762,High Risk,High Risk
S09247,63.20673165456957,Steady,Steady
S09248,36.40003195030622,High Risk,High Risk
S09249,29.28389466831034,High Risk,High Risk
S09250,33.295012546538544,High Risk,High Risk
S09251,38.653849925272105,High Risk,At Risk
S09252,46.638499887298444,At Risk,At Risk
S09253,51.75736464246008,At Risk,At Risk
S09254,50.906126000152696,At Risk,At Risk
S09255,62.62724586709933,Steady,Steady
S09256,31.214989382720315,High Risk,High Risk
S09257,38.147951128436,High Risk,High Risk
S09258,68.62241471343688,Steady,Steady
S09259,58.494584476405635,At Risk,At Risk
S09260,50.89599357245871,At Risk,At Risk
S09261,40.54601300805778,At Risk,At Risk
S09262,40.05770948453646,At Risk,At Risk
S09263,49.710421568431165,At Risk,At Risk
S09264,51.33898806390648,At Risk,At Risk
S09265,50.04909804355274,At Risk,At Risk
S09266,37.85567548658529,High Risk,High Risk
S09267,53.787420268654664,At Risk,At Risk
S09268,57.341399294036236,At Risk,At Risk
S09269,70.92609483901884,Steady,Steady
S09270,38.08687464177516,High Risk,High Risk
S09271,64.63045230781196,Steady,Steady
S09272,59.158949861936364,At Risk,At Risk
S09273,52.42454431216632,At Risk,At Risk
S09274,47.06255583115079,At Risk,At Risk
S09275,41.113758549610694,At Risk,At Risk
S09276,42.246828089422436,At Risk,At Risk
S09277,41.67635601785597,At Risk,At Risk
S09278,52.12088564329711,At Risk,At Risk
S09279,41.92146615553148,At Risk,At Risk
S09280,57.02373214944768,At Risk,At Risk
S09281,57.62024988182149,At Risk,At Risk
S09282,42.01910096455664,At Risk,At Risk
S09283,43.46716832317512,At Risk,At Risk
S09284,64.86821277813162,Steady,Steady
S09285,50.9835692531191,At Risk,At Risk
S09286,54.746664959971234,At Risk,At Risk
S09287,64.07979858082453,Steady,Steady
S09288,44.59743598331322,At Risk,At Risk
S09289,41.106114300964656,At Risk,High Risk
S09290,57.08411265128892,At Risk,At Risk
S09291,46.562051096070505,At Risk,At Risk
S09292,57.60630465881004,At Risk,At Risk
S09293,45.129400841749,At Risk,At Risk
S09294,43.422125270275906,At Risk,At Risk
S09295,31.477583409485188,High Risk,High Risk
S09296,36.954911204218696,High Risk,High Risk
S09297,51.179658132133596,At Risk,At Risk
S09298,34.46809793294764,High Risk,High Risk
S09299,49.96223726201438,At Risk,At Risk
S09300,35.18806362763137,High Risk,High Risk
S09301,26.98799877771575,High Risk,High Risk
S09302,62.81891495033726,Steady,At Risk
S09303,55.83491621440725,At Risk,At Risk
S09304,45.344780976529755,At Risk,At Risk
S09305,53.387954814520874,At Risk,At Risk
S09306,45.662451350389446,At Risk,At Risk
S09307,49.412724697940384,At Risk,At Risk
S09308,49.54162900080682,At Risk,At Risk
S09309,72.79364293063185,Steady,Steady
S09310,49.48865660075171,At Risk,At Risk
S09311,46.5729898163858,At Risk,At Risk
S09312,52.58585429973507,At Risk,At Risk
S09313,56.77911491131741,At Risk,At Risk
S09314,49.862516036278606,At Risk,At Risk
S09315,41.42089970549151,At Risk,At Risk
S09316,64.08081431474595,Steady,Steady
S09317,62.518866965418326,Steady,Steady
S09318,33.66275548622157,High Risk,High Risk
S09319,49.9453285419971,At Risk,At Risk
S09320,52.55744183946831,At Risk,At Risk
S09321,52.76881004054417,At Risk,At Risk
S09322,36.48309505771738,High Risk,High Risk
S09323,40.32827888838564,At Risk,High Risk
S09324,42.58207656507575,At Risk,At Risk
S09325,48.492581354387276,At Risk,At Risk
S09326,46.594592205127896,At Risk,At Risk
S09327,56.32991586231418,At Risk,At Risk
S09328,56.28673286959566,At Risk,At Risk
S09329,45.42997145601101,At Risk,At Risk
S09330,54.03472328647211,At Risk,At Risk
S09331,49.528109067679594,At Risk,At Risk
S09332,64.18149827334972,Steady,Steady
S09333,54.44624648026104,At Risk,At Risk
S09334,41.504205520821415,At Risk,At Risk
S09335,57.213494014894486,At Risk,At Risk
S09336,46.00944058454278,At Risk,At Risk
S09337,53.12709900702374,At Risk,At Risk
S09338,70.33748108095618,Steady,Steady
S09339,32.30898750959953,High Risk,High Risk
S09340,42.503086234938536,At Risk,At Risk
S09341,47.49217493779886,At Risk,At Risk
S09342,40.56938411473956,At Risk,High Risk
S09343,54.54825167208842,At Risk,At Risk
S09344,35.92829955982163,High Risk,High Risk
S09345,33.39296859115542,High Risk,High Risk
S09346,46.61500975890867,At Risk,At Risk
S09347,29.89864466054727,High Risk,High Risk
S09348,28.21563988094918,High Risk,High Risk
S09349,40.43621291952244,At Risk,At Risk
S09350,46.84142820882756,At Risk,At Risk
S09351,58.25136259096051,At Risk,At Risk
S09352,41.35112750924748,At Risk,At Risk
S09353,51.361675282720896,At Risk,At Risk
S09354,58.40830762910388,At Risk,At Risk
S09355,62.34941865071806,Steady,At Risk
S09356,61.2023241812816,Steady,Steady
S09357,63.19679959546153,Steady,Steady
S09358,53.39873704333121,At Risk,At Risk
S09359,71.52168879481151,Steady,Steady
S09360,51.349670697894,At Risk,At Risk
S09361,54.19095460443371,At Risk,At Risk
S09362,48.620540147165165,At Risk,At Risk
S09363,53.87203357999122,At Risk,At Risk
S09364,53.88060432190683,At Risk,At Risk
S09365,46.76541142231751,At Risk,At Risk
S09366,61.0961313936506,Steady,Steady
S09367,25.46340902099048,High Risk,High Risk
S09368,56.68339562392344,At Risk,At Risk
S09369,54.65109801216218,At Risk,At Risk
S09370,76.1859298380256,Steady,Steady
S09371,55.88717145997635,At Risk,At Risk
S09372,52.67936404804865,At Risk,At Risk
S09373,39.07642414625068,High Risk,At Risk
S09374,36.64595463411226,High Risk,High Risk
S09375,70.08208422818744,Steady,Steady
S09376,42.45736559893944,At Risk,At Risk
S09377,57.40904452827633,At Risk,At Risk
S09378,37.35440961742149,High Risk,At Risk
S09379,46.66169948380152,At Risk,At Risk
S09380,35.243080515130465,High Risk,High Risk
S09381,39.50805503756508,High Risk,High Risk
S09382,43.569496903441646,At Risk,At Risk
S09383,41.27215148016822,At Risk,At Risk
S09384,36.00756012356976,High Risk,High Risk
S09385,45.150662670530764,At Risk,At Risk
S09386,41.330545518929576,At Risk,At Risk
S09387,50.01590938874296,At Risk,At Risk
S09388,57.16188031785994,At Risk,At Risk
S09389,50.50944135854268,At Risk,At Risk
S09390,48.363547368092256,At Risk,At Risk
S09391,35.81839751858295,High Risk,High Risk
S09392,58.458436168960425,At Risk,At Risk
S09393,34.212108227002915,High Risk,High Risk
S09394,72.33143058526358,Steady,Steady
S09395,66.66833604607488,Steady,Steady
S09396,41.786947124047515,At Risk,At Risk
S09397,47.331307719185176,At Risk,At Risk
S09398,38.24234118631592,High Risk,High Risk
S09399,45.66376945685843,At Risk,At Risk
S09400,23.885725484621595,High Risk,High Risk
S09401,49.49308239374615,At Risk,At Risk
S09402,42.90181223723793,At Risk,At Risk
S09403,53.55846853240832,At Risk,At Risk
S09404,52.46733456400345,At Risk,At Risk
S09405,42.35963560330284,At Risk,At Risk
S09406,43.38921135980498,At Risk,At Risk
S09407,58.472588577908034,At Risk,At Risk
S09408,62.408186516058386,Steady,Steady
S09409,45.67217053389315,At Risk,At Risk
S09410,36.513018253039974,High Risk,High Risk
S09411,47.75384067725464,At Risk,At Risk
S09412,49.03053733093318,At Risk,At Risk
S09413,33.35778824492199,High Risk,High Risk
S09414,52.58589530635282,At Risk,At Risk
S09415,58.3674937937253,At Risk,At Risk
S09416,54.6239375351933,At Risk,At Risk
S09417,43.87585365398335,At Risk,At Risk
S09418,54.517818303182864,At Risk,At Risk
S09419,71.78888022726608,Steady,Steady
S09420,47.870397221161944,At Risk,At Risk
S09421,48.175967311000576,At Risk,At Risk
S09422,33.22252873643818,High Risk,High Risk
S09423,52.612730600843015,At Risk,At Risk
S09424,48.36122331803182,At Risk,At Risk
S09425,52.0681070507691,At Risk,At Risk
S09426,61.07264003506231,Steady,At Risk
S09427,69.02253217279275,Steady,Steady
S09428,50.82666727192435,At Risk,At Risk
S09429,29.55045910957964,High Risk,High Risk
S09430,35.85358965421898,High Risk,High Risk
S09431,52.61851422546737,At Risk,At Risk
S09432,42.643871487679405,At Risk,At Risk
S09433,47.828173424490636,At Risk,At Risk
S09434,34.07072525155023,High Risk,High Risk
S09435,51.03795530506253,At Risk,At Risk
S09436,54.12088700676716,At Risk,At Risk
S09437,44.71242679203866,At Risk,At Risk
S09438,47.513702643238396,At Risk,At Risk
S09439,52.81452580700742,At Risk,At Risk
S09440,36.917468164076624,High Risk,High Risk
S09441,37.800959946468325,High Risk,High Risk
S09442,52.051857307098906,At Risk,At Risk
S09443,57.007088896022,At Risk,At Risk
S09444,60.851383036860106,Steady,Steady
S09445,39.86071866496477,High Risk,High Risk
S09446,58.24092189601766,At Risk,At Risk
S09447,44.38586869510823,At Risk,At Risk
S09448,54.57709869998668,At Risk,At Risk
S09449,55.21984401267142,At Risk,At Risk
S09450,30.579718192476264,High Risk,High Risk
S09451,35.85803507913165,High Risk,High Risk
S09452,48.603865779968274,At Risk,At Risk
S09453,48.78198417511565,At Risk,At Risk
S09454,45.61808849476199,At Risk,At Risk
S09455,56.82021133355049,At Risk,At Risk
S09456,41.963519672222624,At Risk,At Risk
S09457,47.47888987007474,At Risk,At Risk
S09458,39.270700686535875,High Risk,High Risk
S09459,26.670272839889016,High Risk,High Risk
S09460,31.959833023512964,High Risk,High Risk
S09461,53.71114549926075,At Risk,At Risk
S09462,68.29577552591986,Steady,Steady
S09463,27.137800514307052,High Risk,High Risk
S09464,49.04740017479686,At Risk,At Risk
S09465,51.408683065192605,At Risk,At Risk
S09466,48.550864162698026,At Risk,At Risk
S09467,34.86800051762654,High Risk,High Risk
S09468,47.290851051447106,At Risk,At Risk
S09469,48.229019622702005,At Risk,At Risk
S09470,33.24750576478721,High Risk,High Risk
S09471,39.107168960417965,High Risk,At Risk
S09472,33.824135082523924,High Risk,High Risk
S09473,64.3378234452077,Steady,Steady
S09474,50.52818338192259,At Risk,At Risk
S09475,50.25429613263206,At Risk,At Risk
S09476,71.18122981327505,Steady,Steady
S09477,41.41891298612026,At Risk,At Risk
S09478,63.24289697976112,Steady,Steady
S09479,30.925602093248415,High Risk,High Risk
S09480,66.61590559973148,Steady,Steady
S09481,55.58432267180752,At Risk,At Risk
S09482,44.13527571634949,At Risk,At Risk
S09483,50.70536436578842,At Risk,At Risk
S09484,46.88620482122802,At Risk,At Risk
S09485,52.98626336740132,At Risk,At Risk
S09486,52.33307377169469,At Risk,At Risk
S09487,49.50700619079984,At Risk,At Risk
S09488,40.45745624406795,At Risk,At Risk
S09489,41.18578021512913,At Risk,At Risk
S09490,67.93561588879727,Steady,Steady
S09491,62.6501437574124,Steady,Steady
S09492,47.45969703019105,At Risk,At Risk
S09493,59.214007807311475,At Risk,At Risk
S09494,63.599051603045574,Steady,At Risk
S09495,29.489121513280338,High Risk,High Risk
S09496,48.80361772888723,At Risk,At Risk
S09497,53.441759392624746,At Risk,At Risk
S09498,52.525192646270945,At Risk,At Risk
S09499,65.61355751979305,Steady,Steady
S09500,25.988372409513282,High Risk,High Risk
S09501,62.103307028920774,Steady,Steady
S09502,47.66688076221789,At Risk,At Risk
S09503,18.70321579329696,High Risk,High Risk
S09504,55.93825878581394,At Risk,At Risk
S09505,56.53255488215514,At Risk,At Risk
S09506,38.959460970470204,High Risk,High Risk
S09507,53.402057502944466,At Risk,At Risk
S09508,43.742752990148745,At Risk,At Risk
S09509,53.77801017253218,At Risk,At Risk
S09510,62.91449855708478,Steady,Steady
S09511,35.01806423524694,High Risk,High Risk
S09512,65.51690415290523,Steady,Steady
S09513,54.49901584630007,At Risk,At Risk
S09514,72.57575672766616,Steady,Steady
S09515,60.96430654821046,Steady,At Risk
S09516,45.72629060666225,At Risk,At Risk
S09517,74.03248688805711,Steady,Steady
S09518,36.43167624463364,High Risk,High Risk
S09519,55.78049141121005,At Risk,At Risk
S09520,50.76571385637501,At Risk,At Risk
S09521,39.8808207240803,High Risk,At Risk
S09522,56.3097661842638,At Risk,At Risk
S09523,54.96700863827982,At Risk,At Risk
S09524,56.692196669255935,At Risk,At Risk
S09525,41.69762404888867,At Risk,At Risk
S09526,49.59893221227802,At Risk,At Risk
S09527,45.62474125464935,At Risk,At Risk
S09528,38.24795499228456,High Risk,High Risk
S09529,38.867022417528545,High Risk,High Risk
S09530,31.58392038663582,High Risk,High Risk
S09531,35.883035122444895,High Risk,High Risk
S09532,71.8255635685562,Steady,Steady
S09533,48.05101040767437,At Risk,At Risk
S09534,53.659338250990466,At Risk,At Risk
S09535,50.751545506104755,At Risk,At Risk
S09536,38.04255996892354,High Risk,At Risk
S09537,56.132091737011734,At Risk,At Risk
S09538,49.49755554938407,At Risk,At Risk
S09539,26.296105547179444,High Risk,High Risk
S09540,57.697164354452134,At Risk,At Risk
S09541,63.13583926004542,Steady,At Risk
S09542,62.530230360518615,Steady,Steady
S09543,52.38903155603785,At Risk,At Risk
S09544,66.64394530984299,Steady,Steady
S09545,35.31702544227918,High Risk,High Risk
S09546,51.82804364879714,At Risk,At Risk
S09547,42.42020514565187,At Risk,At Risk
S09548,43.28703204362703,At Risk,At Risk
S09549,42.10172125175448,At Risk,At Risk
S09550,51.396059895537086,At Risk,At Risk
S09551,50.21913475195934,At Risk,At Risk
S09552,41.319626379274254,At Risk,At Risk
S09553,59.50193510741699,At Risk,Steady
S09554,48.71720555974696,At Risk,At Risk
S09555,66.29843154505421,Steady,Steady
S09556,22.773843244063873,High Risk,High Risk
S09557,67.40933336864003,Steady,Steady
S09558,44.58503814502218,At Risk,At Risk
S09559,40.51768599533073,At Risk,At Risk
S09560,46.08119504068836,At Risk,At Risk
S09561,63.47389468994133,Steady,Steady
S09562,64.43955507163646,Steady,At Risk
S09563,61.41652670851742,Steady,Steady
S09564,37.58155726752034,High Risk,High Risk
S09565,44.660961077635875,At Risk,At Risk
S09566,54.04866046193484,At Risk,At Risk
S09567,37.511134091219695,High Risk,High Risk
S09568,61.72508761602092,Steady,Steady
S09569,31.527343504881344,High Risk,High Risk
S09570,54.40352906642869,At Risk,At Risk
S09571,55.56816755090775,At Risk,At Risk
S09572,55.70987155691907,At Risk,At Risk
S09573,36.40255621517776,High Risk,High Risk
S09574,71.07488207188726,Steady,Steady
S09575,53.418114515511284,At Risk,At Risk
S09576,46.85253387733533,At Risk,At Risk
S09577,31.818464246601664,High Risk,High Risk
S09578,64.05092807663759,Steady,Steady
S09579,57.808726138543875,At Risk,At Risk
S09580,57.084985323372706,At Risk,At Risk
S09581,31.24191484051127,High Risk,High Risk
S09582,41.579467631790216,At Risk,At Risk
S09583,51.59766749642532,At Risk,At Risk
S09584,42.434337102548874,At Risk,At Risk
S09585,48.96946145937161,At Risk,At Risk
S09586,34.75907991852518,High Risk,High Risk
S09587,61.650674034489704,Steady,At Risk
S09588,40.1510662269076,At Risk,At Risk
S09589,61.84199697061562,Steady,At Risk
S09590,59.82603742052751,At Risk,Steady
S09591,58.133639613811575,At Risk,Steady
S09592,66.21632435316084,Steady,Steady
S09593,43.4775354624974,At Risk,At Risk
S09594,27.62192966665895,High Risk,High Risk
S09595,55.490580262196524,At Risk,At Risk
S09596,32.24279457598496,High Risk,High Risk
S09597,56.1273638277611,At Risk,At Risk
S09598,55.7171942111655,At Risk,At Risk
S09599,34.07209799933735,High Risk,High Risk
S09600,49.18953054711614,At Risk,At Risk
S09601,57.34615462646248,At Risk,At Risk
S09602,62.43055593358532,Steady,Steady
S09603,53.7947288781345,At Risk,At Risk
S09604,67.52911887614475,Steady,Steady
S09605,47.59278236780228,At Risk,At Risk
S09606,53.703945659834474,At Risk,At Risk
S09607,52.23914616594635,At Risk,At Risk
S09608,44.75050753634486,At Risk,At Risk
S09609,49.9560690465739,At Risk,At Risk
S09610,50.19441775682504,At Risk,At Risk
S09611,51.79111790713789,At Risk,At Risk
S09612,59.775077061430096,At Risk,At Risk
S09613,43.80832098290895,At Risk,At Risk
S09614,70.80482140638942,Steady,Steady
S09615,60.57484624748083,Steady,At Risk
S09616,50.45013517882797,At Risk,At Risk
S09617,46.0356553976483,At Risk,At Risk
S09618,40.507604723392376,At Risk,High Risk
S09619,53.78220197151412,At Risk,At Risk
S09620,53.99531003212243,At Risk,At Risk
S09621,45.85466607793466,At Risk,At Risk
S09622,44.91340463379496,At Risk,At Risk
S09623,36.95509306856837,High Risk,High Risk
S09624,50.56217058935461,At Risk,At Risk
S09625,66.49226280472902,Steady,Steady
S09626,52.65740208252724,At Risk,At Risk
S09627,51.43225372032796,At Risk,At Risk
S09628,37.45223567106013,High Risk,High Risk
S09629,53.90543024086949,At Risk,At Risk
S09630,66.28410014222017,Steady,Steady
S09631,38.479347903743246,High Risk,High Risk
S09632,54.839903552025014,At Risk,At Risk
S09633,66.79733656071818,Steady,Steady
S09634,44.37928902951699,At Risk,At Risk
S09635,57.368896896661205,At Risk,At Risk
S09636,59.25959404412093,At Risk,Steady
S09637,28.463463887845013,High Risk,High Risk
S09638,49.16802795822998,At Risk,At Risk
S09639,45.682277076159686,At Risk,At Risk
S09640,50.904199201701616,At Risk,At Risk
S09641,43.36593651615834,At Risk,At Risk
S09642,57.07167160227444,At Risk,At Risk
S09643,68.87852902824127,Steady,Steady
S09644,49.17671433880761,At Risk,At Risk
S09645,54.68382969947553,At Risk,At Risk
S09646,65.61568432802216,Steady,Steady
S09647,52.54501642422683,At Risk,At Risk
S09648,39.31064061963214,High Risk,High Risk
S09649,53.39145339662993,At Risk,At Risk
S09650,54.12270524019775,At Risk,At Risk
S09651,36.57427147822327,High Risk,High Risk
S09652,45.2297056429135,At Risk,At Risk
S09653,54.16635263286219,At Risk,At Risk
S09654,38.139553588222064,High Risk,High Risk
S09655,54.34732585747837,At Risk,At Risk
S09656,44.49143838718266,At Risk,At Risk
S09657,37.67617639861861,High Risk,High Risk
S09658,38.44678152435767,High Risk,High Risk
S09659,24.33330959050167,High Risk,High Risk
S09660,56.964170242213086,At Risk,At Risk
S09661,50.78030918805246,At Risk,At Risk
S09662,62.28263414538431,Steady,Steady
S09663,58.17197818722681,At Risk,Steady
S09664,59.46655013816105,At Risk,At Risk
S09665,50.37816123476093,At Risk,At Risk
S09666,40.34155165412444,At Risk,High Risk
S09667,36.508055683419315,High Risk,High Risk
S09668,54.36941586616367,At Risk,At Risk
S09669,45.6571415059748,At Risk,At Risk
S09670,45.637660287051865,At Risk,At Risk
S09671,32.061598634176185,High Risk,High Risk
S09672,62.13961464707589,Steady,Steady
S09673,51.896859006874465,At Risk,At Risk
S09674,28.33323732658955,High Risk,High Risk
S09675,43.14763665893621,At Risk,At Risk
S09676,51.15642521775361,At Risk,At Risk
S09677,60.653428818062885,Steady,Steady
S09678,28.204945252525988,High Risk,High Risk
S09679,56.976463718661975,At Risk,At Risk
S09680,71.02931234024143,Steady,Steady
S09681,40.15652718070861,At Risk,At Risk
S09682,58.29692237850153,At Risk,At Risk
S09683,39.75168524640635,High Risk,High Risk
S09684,36.1616741673409,High Risk,High Risk
S09685,55.35783107633423,At Risk,At Risk
S09686,52.42789445031916,At Risk,At Risk
S09687,29.378030485160266,High Risk,High Risk
S09688,59.026965141945276,At Risk,Steady
S09689,64.12177674785558,Steady,Steady
S09690,64.51934272419736,Steady,Steady
S09691,23.089172857666412,High Risk,High Risk
S09692,58.41827315986365,At Risk,At Risk
S09693,66.84105540741403,Steady,Steady
S09694,41.03322339766667,At Risk,At Risk
S09695,55.0438876914444,At Risk,At Risk
S09696,53.885677506878835,At Risk,At Risk
S09697,69.29115089183603,Steady,Steady
S09698,34.427859010349785,High Risk,High Risk
S09699,45.33173897553229,At Risk,At Risk
S09700,59.442145357162566,At Risk,Steady
S09701,44.24015849631849,At Risk,At Risk
S09702,57.01073202645859,At Risk,At Risk
S09703,48.19330285865026,At Risk,At Risk
S09704,54.74337310247387,At Risk,At Risk
S09705,32.921088884396625,High Risk,High Risk
S09706,54.55333213573507,At Risk,At Risk
S09707,49.330776765498676,At Risk,At Risk
S09708,65.62693874803578,Steady,Steady
S09709,48.957136971668056,At Risk,At Risk
S09710,49.24252898637352,At Risk,At Risk
S09711,66.49462483716914,Steady,Steady
S09712,59.88813492071181,At Risk,At Risk
S09713,47.559712990991855,At Risk,At Risk
S09714,59.364098230491656,At Risk,Steady
S09715,56.32477737430342,At Risk,At Risk
S09716,53.37226506747419,At Risk,At Risk
S09717,56.51603244447697,At Risk,At Risk
S09718,57.9977209239476,At Risk,Steady
S09719,57.6398774431115,At Risk,At Risk
S09720,49.046636631574536,At Risk,At Risk
S09721,28.425351260893528,High Risk,High Risk
S09722,45.66858963099898,At Risk,At Risk
S09723,47.024535110281306,At Risk,At Risk
S09724,58.608145845694914,At Risk,Steady
S09725,49.70003792394525,At Risk,At Risk
S09726,49.01447155320182,At Risk,At Risk
S09727,40.81188115695785,At Risk,High Risk
S09728,52.60509045285874,At Risk,At Risk
S09729,52.888154726908176,At Risk,At Risk
S09730,38.48673524592915,High Risk,High Risk
S09731,54.94812083637386,At Risk,At Risk
S09732,46.54351974418924,At Risk,At Risk
S09733,53.011148335893544,At Risk,At Risk
S09734,51.943612292024824,At Risk,At Risk
S09735,51.90670848890604,At Risk,At Risk
S09736,58.75256295205248,At Risk,At Risk
S09737,55.28875055921494,At Risk,At Risk
S09738,37.092624907515976,High Risk,High Risk
S09739,46.27719052713096,At Risk,At Risk
S09740,40.2787665242189,At Risk,At Risk
S09741,65.28668787508434,Steady,Steady
S09742,19.919600631218966,High Risk,High Risk
S09743,39.5923747927769,High Risk,High Risk
S09744,74.51916332024474,Steady,Steady
S09745,40.34324384346376,At Risk,High Risk
S09746,61.50362245797544,Steady,Steady
S09747,49.82160578409006,At Risk,At Risk
S09748,64.49187454382061,Steady,Steady
S09749,74.20515381218382,Steady,Steady
S09750,49.52127234185339,At Risk,At Risk
S09751,36.64911275877752,High Risk,High Risk
S09752,66.29053479815944,Steady,Steady
S09753,58.753004542067266,At Risk,At Risk
S09754,48.84974304894516,At Risk,At Risk
S09755,49.75677944726996,At Risk,At Risk
S09756,54.13781617883503,At Risk,At Risk
S09757,49.20771021599201,At Risk,At Risk
S09758,43.31916134372577,At Risk,At Risk
S09759,54.79109875704739,At Risk,At Risk
S09760,45.702549466513645,At Risk,At Risk
S09761,62.688953548123735,Steady,Steady
S09762,36.03082287026416,High Risk,High Risk
S09763,43.80168647096648,At Risk,At Risk
S09764,57.1215530772591,At Risk,At Risk
S09765,54.32223698357945,At Risk,At Risk
S09766,37.30338472415941,High Risk,High Risk
S09767,47.108278722513866,At Risk,At Risk
S09768,35.09579463705407,High Risk,High Risk
S09769,36.47687768559388,High Risk,High Risk
S09770,64.69317157083776,Steady,Steady
S09771,62.59741298885233,Steady,Steady
S09772,26.84595785108141,High Risk,High Risk
S09773,40.77120412990769,At Risk,At Risk
S09774,67.78992578325025,Steady,Steady
S09775,33.0196016451076,High Risk,High Risk
S09776,50.3431886895629,At Risk,At Risk
S09777,59.28746260286165,At Risk,Steady
S09778,41.69574184513439,At Risk,At Risk
S09779,55.735243376480405,At Risk,At Risk
S09780,28.305611424509316,High Risk,High Risk
S09781,57.117455080915235,At Risk,At Risk
S09782,27.08493278364373,High Risk,High Risk
S09783,56.44767343879682,At Risk,At Risk
S09784,27.561692790496345,High Risk,High Risk
S09785,53.7173626150929,At Risk,At Risk
S09786,41.82535325586548,At Risk,At Risk
S09787,48.27744341494255,At Risk,At Risk
S09788,42.29590363059369,At Risk,At Risk
S09789,53.4665930515865,At Risk,At Risk
S09790,61.91462415010325,Steady,Steady
S09791,56.15953177659706,At Risk,At Risk
S09792,61.91161831376463,Steady,Steady
S09793,42.54467535168378,At Risk,High Risk
S09794,17.13153726602995,High Risk,High Risk
S09795,67.3373999698663,Steady,Steady
S09796,69.87755075386517,Steady,Steady
S09797,43.71554653450972,At Risk,At Risk
S09798,60.30854424856506,Steady,At Risk
S09799,66.18833769536104,Steady,Steady
S09800,57.595589732111044,At Risk,At Risk
S09801,52.709073445117994,At Risk,At Risk
S09802,37.09662192506367,High Risk,At Risk
S09803,66.91738261402037,Steady,Steady
S09804,28.933842547361444,High Risk,High Risk
S09805,39.06129014139093,High Risk,High Risk
S09806,29.22091726862588,High Risk,High Risk
S09807,62.62180972230207,Steady,Steady
S09808,45.767006179933084,At Risk,At Risk
S09809,39.868930752749975,High Risk,High Risk
S09810,42.920842793431916,At Risk,At Risk
S09811,77.22483424125573,Steady,Steady
S09812,44.44585609726016,At Risk,At Risk
S09813,64.30814018985716,Steady,Steady
S09814,42.14261315348159,At Risk,At Risk
S09815,28.84609699678706,High Risk,High Risk
S09816,54.57998238786273,At Risk,At Risk
S09817,51.883905580171316,At Risk,At Risk
S09818,54.82829447602621,At Risk,At Risk
S09819,27.72127675826612,High Risk,High Risk
S09820,47.84511289947123,At Risk,At Risk
S09821,46.166340720439734,At Risk,At Risk
S09822,46.58994123454381,At Risk,At Risk
S09823,42.831659192031644,At Risk,At Risk
S09824,36.76892456177586,High Risk,High Risk
S09825,43.014560035231256,At Risk,At Risk
S09826,39.29612699364052,High Risk,High Risk
S09827,56.287985929317244,At Risk,At Risk
S09828,34.514267027570014,High Risk,High Risk
S09829,35.303578757222894,High Risk,At Risk
S09830,47.97039437017685,At Risk,At Risk
S09831,49.900931753393465,At Risk,At Risk
S09832,57.85040875037757,At Risk,At Risk
S09833,43.22914653818392,At Risk,At Risk
S09834,58.64771610413225,At Risk,At Risk
S09835,24.654022962947312,High Risk,High Risk
S09836,67.6788435202947,Steady,Steady
S09837,42.28199961923305,At Risk,At Risk
S09838,61.907001429931526,Steady,Steady
S09839,34.27594507413694,High Risk,High Risk
S09840,53.86478222600141,At Risk,At Risk
S09841,51.38957080331278,At Risk,At Risk
S09842,55.59290279398693,At Risk,At Risk
S09843,35.29111817880672,High Risk,High Risk
S09844,58.26418520655305,At Risk,At Risk
S09845,32.47392791555335,High Risk,High Risk
S09846,33.81626539999685,High Risk,High Risk
S09847,64.51358313970266,Steady,Steady
S09848,44.86189309449685,At Risk,At Risk
S09849,44.39236834653661,At Risk,At Risk
S09850,48.96703027952233,At Risk,At Risk
S09851,39.24666035185257,High Risk,High Risk
S09852,56.86403577228701,At Risk,At Risk
S09853,52.67634929277065,At Risk,At Risk
S09854,32.35000883846388,High Risk,High Risk
S09855,38.21716261044069,High Risk,High Risk
S09856,30.37191085231014,High Risk,High Risk
S09857,44.279950703074356,At Risk,At Risk
S09858,42.2787132463708,At Risk,At Risk
S09859,52.87783131089208,At Risk,At Risk
S09860,37.54310295292653,High Risk,High Risk
S09861,40.36418310393873,At Risk,At Risk
S09862,42.02342434352327,At Risk,At Risk
S09863,50.30071890444342,At Risk,At Risk
S09864,49.29437073146098,At Risk,At Risk
S09865,54.37570879298036,At Risk,At Risk
S09866,69.45896837334877,Steady,Steady
S09867,60.59733443042439,Steady,Steady
S09868,51.66572115657813,At Risk,At Risk
S09869,13.294471361700916,High Risk,High Risk
S09870,37.25076144419608,High Risk,High Risk
S09871,50.469574519742544,At Risk,At Risk
S09872,45.782167710485,At Risk,At Risk
S09873,26.807824259496606,High Risk,High Risk
S09874,55.14611062841197,At Risk,At Risk
S09875,68.85396831957885,Steady,Steady
S09876,49.45461060008152,At Risk,At Risk
S09877,40.04109606342519,At Risk,At Risk
S09878,65.25003610888984,Steady,Steady
S09879,58.78696053321152,At Risk,Steady
S09880,60.642244314332494,Steady,Steady
S09881,51.95310306866771,At Risk,At Risk
S09882,60.793251696743646,Steady,Steady
S09883,62.05941057231183,Steady,Steady
S09884,49.61872313368144,At Risk,At Risk
S09885,48.38017278363922,At Risk,At Risk
S09886,44.46367711200562,At Risk,At Risk
S09887,59.658066061681694,At Risk,At Risk
S09888,29.731957936518704,High Risk,High Risk
S09889,54.85383124470739,At Risk,At Risk
S09890,51.03444411341853,At Risk,At Risk
S09891,44.00371208306432,At Risk,At Risk
S09892,48.93059554085223,At Risk,At Risk
S09893,34.268274683772084,High Risk,High Risk
S09894,35.60584730175072,High Risk,High Risk
S09895,29.61407831409001,High Risk,High Risk
S09896,34.004516017805116,High Risk,High Risk
S09897,58.03042769974065,At Risk,Steady
S09898,59.855540246759986,At Risk,Steady
S09899,50.56950862108267,At Risk,At Risk
S09900,37.79236065369511,High Risk,High Risk
S09901,40.65198933200538,At Risk,At Risk
S09902,68.7932751935356,Steady,Steady
S09903,47.356858532632934,At Risk,At Risk
S09904,44.97690922480875,At Risk,At Risk
S09905,30.211293927839495,High Risk,High Risk
S09906,46.80009358940367,At Risk,At Risk
S09907,48.82960690307865,At Risk,At Risk
S09908,63.04814686429929,Steady,Steady
S09909,52.00221182519934,At Risk,At Risk
S09910,52.07249055568898,At Risk,At Risk
S09911,69.19409017545924,Steady,Steady
S09912,46.09173522793748,At Risk,At Risk
S09913,40.075919908375646,At Risk,High Risk
S09914,50.059809740980576,At Risk,At Risk
S09915,55.655327783272156,At Risk,At Risk
S09916,47.30395789415886,At Risk,At Risk
S09917,73.93479584870737,Steady,Steady
S09918,45.6899086640125,At Risk,At Risk
S09919,43.374060747265034,At Risk,At Risk
S09920,40.19127126778756,At Risk,At Risk
S09921,32.656909439273356,High Risk,High Risk
S09922,51.003596167607625,At Risk,At Risk
S09923,66.60007750660822,Steady,Steady
S09924,62.01340570919353,Steady,At Risk
S09925,29.47449660557983,High Risk,High Risk
S09926,66.2697890889202,Steady,Steady
S09927,64.06677175227561,Steady,Steady
S09928,56.452218612307156,At Risk,At Risk
S09929,39.795094698171354,High Risk,High Risk
S09930,58.88983019579912,At Risk,At Risk
S09931,54.29965920117612,At Risk,At Risk
S09932,49.504668557297286,At Risk,At Risk
S09933,60.28258598311178,Steady,Steady
S09934,44.89988572583318,At Risk,At Risk
S09935,37.80317240727023,High Risk,High Risk
S09936,56.871924471633065,At Risk,At Risk
S09937,59.26907021215625,At Risk,At Risk
S09938,69.05074872394327,Steady,Steady
S09939,64.72664296627686,Steady,Steady
S09940,53.39947526496708,At Risk,At Risk
S09941,44.59927569395987,At Risk,At Risk
S09942,51.576203248726735,At Risk,At Risk
S09943,45.333076765177786,At Risk,At Risk
S09944,39.651344154385164,High Risk,High Risk
S09945,59.06662899798762,At Risk,At Risk
S09946,34.33830373521798,High Risk,High Risk
S09947,68.51232214520053,Steady,Steady
S09948,61.93897193190306,Steady,Steady
S09949,36.82196600672359,High Risk,High Risk
S09950,34.474238571437695,High Risk,High Risk
S09951,53.510550197989694,At Risk,At Risk
S09952,51.97173632199406,At Risk,At Risk
S09953,41.802877118615875,At Risk,High Risk
S09954,38.055174885997246,High Risk,High Risk
S09955,31.52591852491487,High Risk,High Risk
S09956,35.119616150173464,High Risk,High Risk
S09957,62.7896753353324,Steady,Steady
S09958,55.335242837243385,At Risk,At Risk
S09959,28.972344583406652,High Risk,High Risk
S09960,53.26140557296954,At Risk,At Risk
S09961,63.06088639023265,Steady,Steady
S09962,55.205726869415095,At Risk,At Risk
S09963,59.37313567897543,At Risk,At Risk
S09964,57.01478619697975,At Risk,At Risk
S09965,46.83625040572205,At Risk,At Risk
S09966,43.21439179327999,At Risk,At Risk
S09967,47.78658861344026,At Risk,At Risk
S09968,69.63336167608234,Steady,Steady
S09969,47.86564024847099,At Risk,At Risk
S09970,48.93520550481858,At Risk,At Risk
S09971,59.22061002654247,At Risk,At Risk
S09972,55.010311216547336,At Risk,At Risk
S09973,38.81350247661006,High Risk,High Risk
S09974,75.70257094372968,Steady,Steady
S09975,45.95103496141191,At Risk,At Risk
S09976,36.70326071604669,High Risk,High Risk
S09977,56.91828542596819,At Risk,At Risk
S09978,31.583476387482236,High Risk,High Risk
S09979,51.31706910407543,At Risk,At Risk
S09980,62.53317355924863,Steady,At Risk
S09981,46.40106295919274,At Risk,At Risk
S09982,55.23268687528148,At Risk,At Risk
S09983,66.36692879429442,Steady,Steady
S09984,52.58361759377043,At Risk,At Risk
S09985,48.069916918849685,At Risk,At Risk
S09986,44.405106898562785,At Risk,At Risk
S09987,66.40212446675123,Steady,Steady
S09988,41.01219976607571,At Risk,At Risk
S09989,54.88994449149441,At Risk,At Risk
S09990,40.19183341725851,At Risk,At Risk
S09991,49.548006196222964,At Risk,At Risk
S09992,62.95304851961446,Steady,Steady
S09993,46.26760687049888,At Risk,At Risk
S09994,46.486329403433366,At Risk,At Risk
S09995,63.7521583705102,Steady,Steady
S09996,48.60784767632567,At Risk,At Risk
S09997,35.33566699944563,High Risk,High Risk
S09998,37.26734031723191,High Risk,High Risk
S09999,58.23554269916077,At Risk,At Risk
S10000,51.113990442034016,At Risk,At Risk
